employee_id,first_name,last_name,gender,state,city,hire_date,department,job_title,education_level,performance_rating,overtime,base_salary,salary,birth_date,termination_date
00-73695798,Olimpiada,Fedotova,Female,Moscow,Moscow,28-08-2017,Sales,Sales Specialist,Bachelor,Good,No,79104,84511,25-07-1994,
00-81018730,Ljubov',Baranova,Female,Moscow,Moscow,19-05-2022,Customer Service,Support Specialist,Bachelor,Satisfactory,Yes,54030,58165,04-12-1983,
00-29139495,Mstislav,Trofimov,Male,Moscow,Moscow,10-04-2018,Operations,Operations Analyst,Master,Good,No,55805,60266,17-05-1974,
00-60298696,Rodion,Pahomov,Male,Moscow,Moscow,11-11-2019,Sales,Sales Representative,Bachelor,Needs Improvement,No,53844,64566,02-05-1995,
00-96356860,Zosima,Naumov,Male,Kazan,Kazan,01-01-2023,Operations,Inventory Specialist,High School,Needs Improvement,No,58672,61998,13-07-2004,
00-90726197,Julija,Kulikova,Female,Kazan,Kazan,23-12-2017,Marketing,Content Creator,Bachelor,Satisfactory,No,54587,57909,07-05-1998,
00-10223590,Margarita,Sorokina,Female,Moscow,Moscow,04-05-2022,Operations,Operations Manager,Bachelor,Satisfactory,No,89060,94566,12-08-1964,
00-29502210,Evfrosinija,Semenova,Female,Moscow,Moscow,29-07-2024,Sales,Sales Representative,Bachelor,Satisfactory,No,62227,66814,11-08-1983,
00-59345867,Evstignej,Vorob'ev,Male,Kazan,Kazan,06-07-2017,Operations,Logistics Coordinator,Bachelor,Satisfactory,No,55641,65235,18-03-2003,
00-38219499,Martyn,Fedoseev,Male,Moscow,Moscow,27-05-2016,Operations,Operations Analyst,Master,Satisfactory,No,55540,59369,19-06-1993,
00-36794365,Anna,Sokolova,Female,Moscow,Moscow,01-12-2016,Customer Service,Support Specialist,High School,Satisfactory,Yes,56753,60705,05-03-1996,16-08-2020
00-55231319,Raisa,Tsvetkova,Female,Kazan,Kazan,03-02-2022,Customer Service,Support Specialist,Bachelor,Satisfactory,Yes,52271,56448,25-12-1980,
00-21723969,Natal'ja,Blohina,Female,Moscow,Moscow,11-06-2015,Operations,Logistics Coordinator,Bachelor,Good,No,56161,59817,20-02-1982,
00-18158383,Natal'ja,Lytkina,Female,Moscow,Moscow,19-02-2023,Sales,Sales Specialist,Bachelor,Satisfactory,Yes,75370,78334,05-09-1992,
00-98858209,Longin,Bobylev,Male,Moscow,Moscow,14-08-2020,Operations,Operations Analyst,Bachelor,Excellent,No,55381,67778,26-06-1989,
00-22210858,Gremislav,Turov,Male,Moscow,Moscow,11-09-2024,IT,IT Support Specialist,Bachelor,Needs Improvement,Yes,56075,66194,14-07-1982,
00-66882728,Alla,Naumova,Female,Moscow,Moscow,03-03-2024,HR,HR Manager,PhD,Satisfactory,No,87857,112090,07-01-1983,
00-25103203,Anzhelika,Vlasova,Female,Kazan,Kazan,10-08-2022,Operations,Inventory Specialist,Bachelor,Good,No,57940,59778,19-06-2007,
00-28128721,Eduard,Voronov,Male,Moscow,Moscow,23-06-2020,IT,IT Support Specialist,Bachelor,Good,No,58114,68887,15-04-1993,
00-93409868,Marija,Potapova,Female,Moscow,Moscow,12-01-2020,Operations,Operations Manager,Bachelor,Satisfactory,No,91030,100770,10-09-1975,
00-16892525,Anzhelika,Merkusheva,Female,Moscow,Moscow,11-03-2020,Marketing,Content Creator,Bachelor,Good,No,52208,56265,21-01-1994,
00-78081629,Kazimir,Efimov,Male,Moscow,Moscow,09-12-2023,Operations,Operations Analyst,Master,Satisfactory,No,59247,67650,16-11-1973,
00-63756709,Nikandr,Murav'ev,Male,Moscow,Moscow,23-04-2021,Customer Service,Support Specialist,High School,Satisfactory,Yes,50055,53824,12-11-2006,
00-99677431,Ippolit,Frolov,Male,Moscow,Moscow,02-05-2020,Sales,Sales Specialist,Master,Needs Improvement,No,70645,76803,04-03-1990,24-07-2021
00-73990750,Mokej,Panfilov,Male,Kazan,Kazan,28-07-2021,IT,Software Developer,Master,Good,No,84175,91249,23-10-1972,
00-82631811,Praskov'ja,Borisova,Female,Moscow,Moscow,11-01-2015,Operations,Operations Analyst,Master,Excellent,No,66092,76818,10-01-1977,
00-21094954,Petr,Morozov,Male,Moscow,Moscow,08-07-2024,Operations,Inventory Specialist,Bachelor,Good,No,58246,67716,23-03-1999,
00-99066353,Elena,Murav'eva,Female,Moscow,Moscow,05-06-2017,IT,System Administrator,Master,Good,Yes,86055,98202,25-05-2001,
00-58738289,Marija,Ershova,Female,Moscow,Moscow,08-10-2023,Marketing,SEO Specialist,Bachelor,Needs Improvement,No,68013,71520,04-10-1992,
00-61753575,Valentina,Sitnikova,Female,Moscow,Moscow,20-07-2022,IT,Software Developer,Master,Good,No,94504,105157,27-10-1992,
00-25278326,Denis,Vorob'ev,Male,Moscow,Moscow,11-09-2017,Sales,Sales Specialist,PhD,Excellent,Yes,69923,74154,18-09-1991,01-01-2019
00-54994164,Anatolij,Gorbunov,Male,Moscow,Moscow,11-04-2018,Marketing,SEO Specialist,High School,Satisfactory,Yes,60023,65644,25-04-1993,
00-78632302,Ljubov',Eliseeva,Female,Moscow,Moscow,20-08-2020,Operations,Logistics Coordinator,Bachelor,Good,No,50189,51836,05-09-2005,
00-77110491,Antonin,Kopylov,Male,Moscow,Moscow,17-06-2017,Operations,Logistics Coordinator,Bachelor,Good,Yes,59545,68482,22-06-2007,29-06-2021
00-61125583,Evfrosinija,Shirjaeva,Female,Moscow,Moscow,13-04-2023,Sales,Sales Representative,Bachelor,Excellent,No,67887,70160,13-07-2003,
00-67734343,Savelij,Ignatov,Male,Moscow,Moscow,15-12-2015,Operations,Inventory Specialist,High School,Needs Improvement,No,57870,63217,17-07-1996,
00-13454891,Svetozar,Zhuravlev,Male,Moscow,Moscow,14-12-2017,Customer Service,Help Desk Technician,Bachelor,Good,No,55531,66055,25-07-2001,
00-67343592,Gurij,Suvorov,Male,Moscow,Moscow,03-12-2015,IT,System Administrator,Bachelor,Good,No,78180,95881,29-09-1988,
00-37434808,Majja,Koroleva,Female,Moscow,Moscow,10-03-2023,IT,Software Developer,Master,Excellent,No,76401,87833,27-01-1994,
00-23772507,Efim,Sysoev,Male,Kazan,Kazan,09-08-2022,Operations,Inventory Specialist,Bachelor,Satisfactory,No,53861,63414,20-02-1998,09-01-2024
00-39613893,Iraida,Fomicheva,Female,Moscow,Moscow,08-10-2017,Customer Service,Customer Service Representative,High School,Satisfactory,No,56743,62665,05-04-1987,
00-46747065,Lukija,Borisova,Female,Moscow,Moscow,29-03-2015,Sales,Sales Representative,Bachelor,Satisfactory,No,51115,53126,03-06-1999,
00-47117594,Agaf'ja,Ovchinnikova,Female,Kazan,Kazan,15-01-2020,Operations,Inventory Specialist,High School,Good,No,54613,57212,19-05-1998,
00-90808173,Jan,Andreev,Male,Moscow,Moscow,25-12-2021,Finance,Financial Analyst,Bachelor,Satisfactory,No,76583,93299,04-07-1985,
00-16987216,Sofija,Ovchinnikova,Female,Moscow,Moscow,26-02-2020,Sales,Sales Representative,Bachelor,Excellent,No,56358,62121,12-05-1989,
00-59433135,Lidija,Bobyleva,Female,Kazan,Kazan,14-10-2017,Sales,Sales Representative,Bachelor,Good,Yes,60619,66740,05-10-1982,
00-47835413,Irina,Kabanova,Female,Moscow,Moscow,12-02-2019,IT,Software Developer,Master,Good,Yes,89277,99520,17-08-1997,
00-74562016,Svetlana,Ovchinnikova,Female,Moscow,Moscow,23-06-2017,Customer Service,Help Desk Technician,Bachelor,Satisfactory,No,57837,61938,04-11-1984,
00-32489925,Ljudmila,Belousova,Female,Moscow,Moscow,07-09-2019,Customer Service,Help Desk Technician,Bachelor,Good,No,61902,69514,14-01-1982,
00-83666285,Prokl,Rozhkov,Male,Moscow,Moscow,26-09-2018,IT,IT Support Specialist,Bachelor,Needs Improvement,No,56450,68737,26-03-1988,17-02-2024
00-35398326,Nonna,Kalinina,Female,Moscow,Moscow,13-08-2022,Operations,Inventory Specialist,Bachelor,Needs Improvement,No,55317,60532,02-10-1993,
00-39512358,Alina,Matveeva,Female,Moscow,Moscow,30-04-2024,Operations,Inventory Specialist,Bachelor,Good,Yes,57829,63345,14-04-1981,
00-10895802,Raisa,Kabanova,Female,Moscow,Moscow,11-09-2024,Operations,Logistics Coordinator,Bachelor,Good,Yes,51491,55720,01-02-1995,
00-55874242,Ekaterina,Gur'eva,Female,Kazan,Kazan,14-04-2017,Customer Service,Help Desk Technician,Bachelor,Good,No,62223,65134,20-06-2002,
00-11158279,Iraklij,Novikov,Male,Moscow,Moscow,06-09-2020,Customer Service,Support Specialist,High School,Good,No,55647,60100,05-02-1999,24-04-2021
00-43226367,Alevtina,Titova,Female,Moscow,Moscow,23-07-2021,Operations,Logistics Coordinator,Bachelor,Good,Yes,53999,56901,11-09-2000,
00-58446179,Iraida,Gavrilova,Female,Moscow,Moscow,20-02-2024,Operations,Operations Analyst,Bachelor,Good,No,76419,80699,11-10-2002,
00-77591978,Evstignej,Kudrjashov,Male,Moscow,Moscow,21-06-2017,Sales,Sales Representative,Bachelor,Satisfactory,Yes,68970,79375,09-06-2005,
00-53279368,Aristarh,Shilov,Male,Moscow,Moscow,27-07-2023,Sales,Sales Manager,Master,Good,No,82782,96836,16-12-1962,
00-99736297,Isidor,Mishin,Male,Moscow,Moscow,15-01-2023,Sales,Sales Specialist,Bachelor,Good,No,53264,62663,04-04-2004,
00-95820300,Nina,Safonova,Female,Moscow,Moscow,03-02-2016,Sales,Sales Representative,Bachelor,Excellent,No,58885,63606,14-12-1986,
00-80764562,Militsa,Vishnjakova,Female,Moscow,Moscow,13-03-2020,IT,System Administrator,Bachelor,Satisfactory,No,61603,65298,02-05-1988,
00-75732809,Tamara,Konovalova,Female,Moscow,Moscow,23-12-2021,Finance,Accounts Payable Specialist,Bachelor,Excellent,No,50429,55792,24-08-1986,
00-45256054,Marija,Vorontsova,Female,Kazan,Kazan,28-02-2022,Operations,Logistics Coordinator,Bachelor,Good,Yes,51676,54219,09-04-1986,03-09-2023
00-69704200,German,Lihachev,Male,Moscow,Moscow,12-01-2023,Operations,Logistics Coordinator,Bachelor,Good,No,59268,70711,22-08-1988,
00-31763088,Aleksandra,Samsonova,Female,Kazan,Kazan,27-01-2019,Finance,Financial Analyst,PhD,Good,No,75903,95573,24-08-1989,13-04-2021
00-92796753,Naina,Lukina,Female,Moscow,Moscow,14-03-2023,Sales,Sales Specialist,Master,Good,No,51451,61198,25-03-1982,
00-47353470,Marina,Vishnjakova,Female,Moscow,Moscow,05-02-2018,IT,IT Support Specialist,High School,Needs Improvement,No,51771,55029,30-08-1983,
00-79145216,Ljudmila,Ponomareva,Female,Moscow,Moscow,24-04-2021,Customer Service,Customer Service Representative,Bachelor,Good,No,58850,61754,06-01-2005,
00-69740109,Tit,Emel'janov,Male,Kazan,Kazan,15-08-2022,Marketing,Marketing Coordinator,Bachelor,Good,No,63416,76573,21-06-1989,
00-38731922,Vladilen,Sobolev,Male,Moscow,Moscow,14-07-2022,IT,Software Developer,Master,Satisfactory,Yes,91999,98624,26-07-1997,
00-79924819,Nikodim,Savin,Male,Moscow,Moscow,31-03-2017,Sales,Sales Specialist,Master,Good,Yes,68565,71706,27-01-1992,
00-10495540,Orest,Efimov,Male,Moscow,Moscow,28-04-2022,Operations,Logistics Coordinator,Bachelor,Needs Improvement,No,52396,62695,19-06-1981,29-03-2024
00-27680744,Lora,Baranova,Female,Moscow,Moscow,07-09-2020,Customer Service,Support Specialist,High School,Satisfactory,Yes,55201,56350,26-08-2005,
00-45679260,Leontij,Nikiforov,Male,Moscow,Moscow,11-09-2019,IT,Software Developer,Master,Satisfactory,Yes,77361,84007,26-07-1976,
00-42377489,Polikarp,Gromov,Male,Moscow,Moscow,05-03-2017,Finance,Accountant,Bachelor,Good,Yes,63969,73480,19-05-2000,
00-73319993,Evfrosinija,Martynova,Female,Moscow,Moscow,15-08-2024,Sales,Sales Specialist,Bachelor,Satisfactory,No,72008,75805,21-03-1986,
00-85152771,Pelageja,Borisova,Female,Moscow,Moscow,21-01-2020,Customer Service,Help Desk Technician,Bachelor,Excellent,No,68185,73804,11-01-1988,28-02-2021
00-44616794,Cheslav,Aleksandrov,Male,Moscow,Moscow,16-06-2022,Sales,Sales Representative,Bachelor,Excellent,No,55405,65014,04-07-1994,22-03-2023
00-66056813,Lidija,Belova,Female,Moscow,Moscow,10-12-2019,Operations,Inventory Specialist,Bachelor,Good,No,57155,64177,23-02-1980,
00-22465092,Aver'jan,Silin,Male,Moscow,Moscow,12-05-2023,Sales,Sales Consultant,PhD,Good,No,85786,91020,17-10-1997,
00-36708216,Irina,Jakusheva,Female,Moscow,Moscow,14-03-2020,Operations,Inventory Specialist,High School,Good,No,50368,55850,13-01-1980,16-06-2021
00-56637721,Nina,Anisimova,Female,Kazan,Kazan,21-03-2024,IT,IT Support Specialist,High School,Satisfactory,Yes,55066,59524,20-04-1997,
00-95639424,Gedeon,Ovchinnikov,Male,Moscow,Moscow,25-11-2022,Operations,Logistics Coordinator,Bachelor,Good,No,50382,62790,31-05-1982,
00-85608502,Marian,Sorokin,Male,Kazan,Kazan,02-07-2017,Operations,Logistics Coordinator,Bachelor,Good,No,50864,61968,30-08-1986,
00-30860675,Nikita,Koshelev,Male,Moscow,Moscow,02-07-2023,Sales,Sales Specialist,PhD,Excellent,No,72294,76099,25-09-1998,
00-15090980,Ipat,Rybakov,Male,Moscow,Moscow,17-06-2023,Customer Service,Customer Service Manager,Bachelor,Satisfactory,No,89832,117802,16-09-1964,12-11-2024
00-65763801,Alla,Nikonova,Female,Moscow,Moscow,08-10-2020,Operations,Operations Analyst,Master,Good,Yes,76022,87664,31-01-1990,
00-60931780,Nadezhda,Beljakova,Female,Moscow,Moscow,12-09-2023,Operations,Logistics Coordinator,Bachelor,Excellent,Yes,56768,58923,16-07-1999,
00-57401566,Nikolaj,Galkin,Male,Moscow,Moscow,03-09-2017,Sales,Sales Specialist,PhD,Good,No,51129,55949,02-12-1991,
00-46332338,Antonin,Lytkin,Male,Moscow,Moscow,08-02-2024,Sales,Sales Specialist,PhD,Excellent,No,61355,67242,03-01-1968,
00-82694030,Ul'jana,Fedoseeva,Female,Moscow,Moscow,23-04-2020,Operations,Logistics Coordinator,Bachelor,Good,Yes,57408,60935,05-05-1985,
00-92025067,Aggej,Markov,Male,Kazan,Kazan,09-10-2016,Finance,Accountant,Bachelor,Good,No,55062,67049,13-06-1983,
00-81706480,Majja,Evdokimova,Female,Moscow,Moscow,22-04-2020,Customer Service,Help Desk Technician,High School,Satisfactory,Yes,74126,76420,22-08-2007,
00-62902859,Vsemil,Arhipov,Male,Moscow,Moscow,23-03-2020,Operations,Inventory Specialist,High School,Satisfactory,No,51073,56344,23-03-1995,
00-19627725,Tihon,Kuz'min,Male,Moscow,Moscow,02-04-2019,Sales,Sales Specialist,Master,Needs Improvement,Yes,79612,86317,10-12-1979,
00-53431941,Anikita,Kotov,Male,Moscow,Moscow,20-10-2016,Customer Service,Customer Service Representative,Bachelor,Good,No,53826,64020,01-10-1995,
00-54623111,Konon,Isakov,Male,Moscow,Moscow,07-12-2017,Operations,Operations Analyst,Bachelor,Good,No,73185,84645,06-09-1995,28-02-2019
00-22151735,Fekla,Bobrova,Female,Kazan,Kazan,22-05-2022,IT,IT Support Specialist,Bachelor,Satisfactory,No,59237,61578,05-11-2006,
00-51687414,Ernst,Markov,Male,Moscow,Moscow,23-02-2022,Sales,Sales Representative,Bachelor,Satisfactory,No,53319,64766,26-10-1994,
00-98502251,Isidor,Noskov,Male,Moscow,Moscow,12-01-2021,IT,IT Support Specialist,High School,Good,Yes,51128,59365,19-07-1980,
00-68522021,Juvenalij,Evseev,Male,Kazan,Kazan,13-10-2018,Operations,Inventory Specialist,High School,Good,No,57135,61810,14-10-2000,27-11-2020
00-13991674,Nadezhda,Rodionova,Female,Moscow,Moscow,13-08-2017,Customer Service,Help Desk Technician,Bachelor,Satisfactory,No,57373,61728,09-02-1995,
00-93616533,Ivanna,Shirjaeva,Female,Moscow,Moscow,29-05-2019,Sales,Sales Representative,Bachelor,Good,No,56020,59962,06-08-2001,
00-34074557,Natan,Gorshkov,Male,Moscow,Moscow,20-05-2016,IT,Software Developer,Master,Good,Yes,93838,99383,24-08-1996,
00-89753406,Nifont,Avdeev,Male,Moscow,Moscow,21-10-2018,Operations,Inventory Specialist,High School,Good,No,58447,61937,29-09-1999,
00-41990072,Glafira,Ustinova,Female,Moscow,Moscow,16-03-2023,Operations,Inventory Specialist,High School,Needs Improvement,No,51689,55635,01-07-1984,
00-23002431,Iraklij,Makarov,Male,Moscow,Moscow,20-12-2024,HR,Recruiter,High School,Excellent,Yes,50969,57432,01-04-1981,
00-11036753,Regina,Belozerova,Female,Moscow,Moscow,20-01-2024,Customer Service,Customer Service Manager,PhD,Satisfactory,No,73611,93123,27-09-1973,
00-59188721,Ljudmila,Zinov'eva,Female,Moscow,Moscow,30-11-2017,Customer Service,Customer Service Representative,High School,Good,No,52089,56519,05-09-1984,10-08-2024
00-37022786,Vseslav,Gordeev,Male,Moscow,Moscow,11-11-2022,Operations,Operations Analyst,Bachelor,Satisfactory,No,70977,83913,12-06-2003,
00-49735673,Eremej,Dement'ev,Male,Kazan,Kazan,17-11-2017,Operations,Logistics Coordinator,Bachelor,Needs Improvement,No,54427,63523,01-10-1997,
00-29688968,Alevtina,Naumova,Female,Moscow,Moscow,22-04-2020,Finance,Accounts Payable Specialist,Bachelor,Good,No,52077,54079,03-09-2006,
00-54629380,Agap,Kornilov,Male,Moscow,Moscow,04-03-2017,Sales,Sales Specialist,PhD,Good,No,53952,56143,21-04-1990,
00-72361602,Gremislav,Lazarev,Male,Moscow,Moscow,18-09-2018,Marketing,Content Creator,Bachelor,Good,No,58856,73364,08-10-1984,
00-77228354,Kira,Guschina,Female,Moscow,Moscow,11-03-2023,IT,IT Support Specialist,High School,Satisfactory,Yes,50528,53027,06-03-1997,
00-43537828,Dobroslav,Nosov,Male,Moscow,Moscow,24-04-2019,IT,Software Developer,Bachelor,Satisfactory,No,74943,88838,21-05-1998,
00-16608765,Akulina,Kosheleva,Female,Kazan,Kazan,28-11-2023,Customer Service,Support Specialist,Bachelor,Good,Yes,56760,60943,15-10-1986,
00-40535190,Majja,Zimina,Female,Moscow,Moscow,01-07-2019,Marketing,Marketing Coordinator,Bachelor,Good,Yes,61719,64543,02-07-1999,24-03-2022
00-63054952,Evstignej,Tret'jakov,Male,Moscow,Moscow,05-02-2020,Sales,Sales Representative,Bachelor,Good,No,55565,65422,25-04-1998,
00-69044615,Agata,Kulagina,Female,Kazan,Kazan,16-02-2022,Operations,Operations Analyst,Master,Good,No,52196,63575,14-01-1977,25-05-2023
00-24269592,Nikodim,Seleznev,Male,Moscow,Moscow,26-06-2020,Operations,Inventory Specialist,High School,Good,Yes,58767,63021,19-09-2003,
00-51883627,Kuprijan,Abramov,Male,Moscow,Moscow,10-05-2018,Operations,Inventory Specialist,High School,Satisfactory,Yes,52067,56032,19-12-2002,
00-12282995,Marija,Krasil'nikova,Female,Moscow,Moscow,01-06-2018,IT,IT Support Specialist,High School,Good,No,58889,62898,21-03-1997,
00-77095466,Regina,Novikova,Female,Moscow,Moscow,18-09-2023,Customer Service,Customer Service Representative,High School,Good,No,55923,58955,12-02-1994,
00-94897322,Irina,Lebedeva,Female,Moscow,Moscow,03-12-2018,Customer Service,Support Specialist,High School,Satisfactory,No,59298,62304,25-03-1988,
00-28241794,Seliverst,Simonov,Male,Moscow,Moscow,08-11-2019,Marketing,Marketing Manager,Master,Excellent,No,79925,87716,07-11-1979,
00-83054762,Varfolomej,Pestov,Male,Moscow,Moscow,03-11-2017,Customer Service,Help Desk Technician,Bachelor,Good,No,78349,95818,25-08-1980,
00-76385021,Parfen,Hohlov,Male,Moscow,Moscow,28-05-2015,Finance,Accountant,Bachelor,Satisfactory,No,61031,70413,09-09-1999,
00-58960681,Juvenalij,Davydov,Male,Moscow,Moscow,02-10-2017,Sales,Sales Representative,Bachelor,Satisfactory,No,66824,83307,30-10-1984,
00-94219220,Vladislav,Shestakov,Male,Moscow,Moscow,23-01-2020,Sales,Sales Consultant,Master,Satisfactory,No,76839,83542,15-11-1971,
00-62221128,Velimir,Rodionov,Male,Moscow,Moscow,31-01-2023,Customer Service,Support Specialist,Bachelor,Good,No,56638,67161,19-09-1989,
00-91497811,Apollon,D'jachkov,Male,Moscow,Moscow,04-01-2018,IT,IT Support Specialist,Bachelor,Satisfactory,No,56648,66439,03-04-1998,
00-26889864,Zinaida,Novikova,Female,Moscow,Moscow,11-02-2017,Finance,Accountant,Bachelor,Good,No,72891,79604,17-02-1990,
00-14372336,Feofan,Gorbachev,Male,Moscow,Moscow,03-12-2023,Customer Service,Support Specialist,Bachelor,Good,No,54455,63391,15-04-1995,
00-91671865,Aleksej,Kapustin,Male,Moscow,Moscow,24-03-2023,Customer Service,Help Desk Technician,Bachelor,Good,No,71378,88652,27-01-1987,
00-60790543,Savelij,Evdokimov,Male,Moscow,Moscow,17-03-2019,Operations,Inventory Specialist,High School,Good,Yes,55192,60571,26-04-1995,
00-92920187,Lukija,Rodionova,Female,Kazan,Kazan,25-08-2022,Customer Service,Help Desk Technician,High School,Satisfactory,No,75000,78102,01-04-1990,
00-55612844,Larisa,Lavrent'eva,Female,Kazan,Kazan,29-03-2019,IT,IT Support Specialist,Bachelor,Satisfactory,No,58296,61753,23-06-2002,
00-60961055,Anna,Lapina,Female,Moscow,Moscow,09-08-2020,Sales,Sales Consultant,Master,Good,No,76780,88166,30-11-1981,
00-63626907,Aristarh,Evseev,Male,Kazan,Kazan,06-10-2023,Operations,Logistics Coordinator,Bachelor,Good,No,52371,61125,09-08-2006,
00-34522278,Majja,Baranova,Female,Moscow,Moscow,19-04-2017,Sales,Sales Consultant,Bachelor,Excellent,No,82218,89244,28-03-1980,
00-37526661,Svjatoslav,Moiseev,Male,Kazan,Kazan,19-02-2023,Marketing,Marketing Coordinator,Bachelor,Satisfactory,No,68857,81349,07-12-1984,
00-24717401,Klavdij,Popov,Male,Kazan,Kazan,13-03-2024,Sales,Sales Consultant,PhD,Good,No,71115,83722,08-10-1963,
00-80162459,Varvara,Trofimova,Female,Moscow,Moscow,08-06-2023,Marketing,Content Creator,Bachelor,Good,No,57570,61021,22-09-1989,
00-97644560,Lukija,Sharapova,Female,Moscow,Moscow,28-05-2023,IT,System Administrator,Master,Good,Yes,83818,96149,03-02-1995,
00-58156544,Luk'jan,Shirjaev,Male,Kazan,Kazan,04-08-2024,Finance,Accounts Payable Specialist,Bachelor,Good,No,51953,63209,02-03-1990,
00-51002860,Pelageja,Aleksandrova,Female,Moscow,Moscow,12-03-2023,Sales,Sales Specialist,Master,Good,No,72194,88884,07-11-1973,
00-51746986,Julija,Kalashnikova,Female,Moscow,Moscow,15-07-2023,Sales,Sales Specialist,Bachelor,Good,No,67344,68721,12-01-2006,
00-38347790,Mitofan,Golubev,Male,Moscow,Moscow,25-03-2022,Sales,Sales Consultant,Bachelor,Satisfactory,No,84774,98232,19-10-2004,
00-13300631,Nikandr,Fedotov,Male,Moscow,Moscow,11-08-2020,Operations,Inventory Specialist,High School,Excellent,No,52446,58406,22-11-1994,
00-15713648,Vladlen,D'jachkov,Male,Moscow,Moscow,16-07-2015,Operations,Operations Analyst,Bachelor,Excellent,Yes,63895,73308,07-07-2004,
00-32956962,Potap,Kononov,Male,Moscow,Moscow,12-04-2017,Operations,Logistics Coordinator,Bachelor,Good,Yes,53988,62459,18-07-1997,
00-36424971,Lukija,Gavrilova,Female,Moscow,Moscow,27-12-2022,IT,Software Developer,Master,Satisfactory,No,91128,111195,11-05-1977,
00-49807307,Varvara,Zinov'eva,Female,Moscow,Moscow,02-08-2024,Customer Service,Support Specialist,Bachelor,Good,No,53906,57598,30-01-1998,
00-34704197,Semen,Zaharov,Male,Moscow,Moscow,13-05-2023,IT,Software Developer,Bachelor,Satisfactory,No,71041,82961,27-03-2002,03-12-2023
00-83304985,Viktorija,Kirillova,Female,Moscow,Moscow,15-08-2023,Sales,Sales Representative,Bachelor,Excellent,No,59564,62710,07-06-2000,
00-91451870,Kirill,Mel'nikov,Male,Moscow,Moscow,02-05-2024,Marketing,Content Creator,High School,Satisfactory,Yes,51819,55968,05-03-2004,
00-58939085,Mstislav,Kazakov,Male,Moscow,Moscow,27-11-2022,Sales,Sales Representative,Bachelor,Good,No,52364,61292,02-10-1993,
00-81973747,Maksimil'jan,Fokin,Male,Moscow,Moscow,02-07-2017,Operations,Inventory Specialist,High School,Good,No,56306,60085,17-11-1993,
00-23171197,Oksana,Bogdanova,Female,Moscow,Moscow,04-03-2020,Finance,Financial Analyst,Bachelor,Satisfactory,No,64627,67074,06-06-2007,
00-97442332,Nifont,Belozerov,Male,Moscow,Moscow,15-03-2016,Finance,Financial Analyst,Bachelor,Good,No,73365,86306,19-02-1987,
00-62714885,Lidija,Orehova,Female,Moscow,Moscow,14-05-2020,Operations,Logistics Coordinator,Bachelor,Good,No,58903,60381,20-09-2005,
00-95301977,Ljubov',Gordeeva,Female,Moscow,Moscow,08-12-2017,Customer Service,Help Desk Technician,Bachelor,Good,No,52597,55769,12-06-2002,
00-57767776,Kira,Shirjaeva,Female,Moscow,Moscow,01-05-2021,Operations,Operations Analyst,Master,Good,No,51320,59561,27-08-1996,
00-62140784,Marfa,Volkova,Female,Kazan,Kazan,07-07-2023,Operations,Inventory Specialist,High School,Good,No,58356,63117,11-01-1992,22-08-2024
00-79344576,Timofej,Bogdanov,Male,Moscow,Moscow,31-10-2015,Customer Service,Help Desk Technician,Bachelor,Good,No,70623,83964,13-05-1987,
00-47380747,Svetlana,Komarova,Female,Kazan,Kazan,12-11-2015,Sales,Sales Specialist,Bachelor,Satisfactory,No,79445,81009,02-10-2007,
00-30811116,Gremislav,Kornilov,Male,Moscow,Moscow,26-06-2020,Marketing,Content Creator,Bachelor,Satisfactory,No,57063,67929,17-09-1993,
00-59182411,Budimir,Murav'ev,Male,Kazan,Kazan,24-04-2022,Operations,Operations Analyst,Master,Excellent,No,74716,79653,06-01-1977,
00-67288647,Ninel',Danilova,Female,Moscow,Moscow,13-04-2020,Sales,Sales Specialist,Master,Excellent,No,68716,76884,05-03-1983,
00-91561534,Igor',Ponomarev,Male,Moscow,Moscow,13-03-2018,Customer Service,Help Desk Technician,Bachelor,Good,Yes,57084,66089,21-08-2003,
00-19636622,Varvara,Kabanova,Female,Moscow,Moscow,19-03-2023,Operations,Logistics Coordinator,Bachelor,Satisfactory,No,54034,56996,27-10-2005,
00-27355692,Dobromysl,Arhipov,Male,Kazan,Kazan,28-09-2018,Marketing,Content Creator,Bachelor,Good,Yes,52022,59615,13-01-2001,
00-41098444,Ksenija,Rybakova,Female,Moscow,Moscow,18-02-2016,Operations,Inventory Specialist,Bachelor,Good,No,52862,55346,01-08-1992,21-05-2017
00-21307139,Svjatopolk,Karpov,Male,Moscow,Moscow,10-06-2023,Operations,Logistics Coordinator,Bachelor,Satisfactory,No,56860,69094,02-06-1995,
00-11127826,Marija,Denisova,Female,Moscow,Moscow,09-04-2024,Operations,Operations Analyst,Master,Satisfactory,No,55581,66202,16-05-1981,
00-14158944,Evsej,Zhuravlev,Male,Moscow,Moscow,03-08-2016,Customer Service,Support Specialist,High School,Excellent,No,51313,54840,18-02-2001,
00-85804956,Svjatoslav,Ovchinnikov,Male,Moscow,Moscow,28-08-2021,Finance,Financial Analyst,PhD,Excellent,No,86838,99657,04-07-1964,
00-97287950,Jakov,Jakushev,Male,Moscow,Moscow,18-09-2022,Sales,Sales Specialist,PhD,Good,No,77422,83559,11-04-1971,
00-13767126,Mina,Vlasov,Male,Moscow,Moscow,21-04-2020,Customer Service,Support Specialist,Bachelor,Needs Improvement,No,56400,64800,04-06-2002,
00-88795402,Alevtina,Vorob'eva,Female,Moscow,Moscow,20-11-2024,Sales,Sales Representative,Bachelor,Good,No,69993,73268,13-09-1994,
00-73814337,Kuz'ma,Kolesnikov,Male,Moscow,Moscow,02-09-2021,IT,Software Developer,Master,Good,No,92653,101792,04-10-1985,
00-71865678,Kira,Lihacheva,Female,Moscow,Moscow,25-06-2022,Operations,Logistics Coordinator,Bachelor,Satisfactory,No,51388,54185,01-04-1989,
00-66847698,Spiridon,Gavrilov,Male,Moscow,Moscow,30-07-2021,Customer Service,Customer Service Manager,PhD,Good,No,72861,75529,22-10-1997,
00-52403342,Dar'ja,Osipova,Female,Moscow,Moscow,03-06-2023,Operations,Operations Analyst,Master,Good,Yes,50984,57625,01-06-1993,
00-62446558,Alla,Baranova,Female,Moscow,Moscow,19-01-2016,Operations,Logistics Coordinator,Bachelor,Good,No,51255,53888,10-04-1983,
00-91450380,Valerija,Lobanova,Female,Kazan,Kazan,22-04-2018,Operations,Inventory Specialist,Bachelor,Good,Yes,55328,56662,27-06-2004,
00-17882489,Gordej,Nikitin,Male,Moscow,Moscow,14-02-2024,Sales,Sales Specialist,Master,Good,No,78076,84058,13-08-1983,
00-58617395,Taisija,Scherbakova,Female,Moscow,Moscow,06-07-2017,Operations,Inventory Specialist,High School,Good,Yes,56234,61445,15-03-1985,
00-26435884,Ksenija,Moiseeva,Female,Moscow,Moscow,03-02-2024,Customer Service,Customer Service Representative,High School,Good,Yes,59387,66215,29-08-1983,
00-90546649,Evdokim,Kulikov,Male,Kazan,Kazan,02-11-2017,Customer Service,Customer Service Representative,Bachelor,Needs Improvement,Yes,56697,68050,26-04-1990,
00-47289046,Marina,Samojlova,Female,Moscow,Moscow,12-07-2015,Customer Service,Customer Service Representative,Bachelor,Satisfactory,Yes,56842,58459,07-01-1999,16-08-2022
00-40672990,Zoja,Teterina,Female,Moscow,Moscow,15-12-2016,Sales,Sales Representative,Bachelor,Satisfactory,No,66784,72891,22-10-1988,
00-68509141,Majja,Ustinova,Female,Moscow,Moscow,10-03-2022,Sales,Sales Specialist,Master,Excellent,Yes,71366,83344,02-05-1988,
00-64402340,Emel'jan,Fadeev,Male,Moscow,Moscow,04-11-2022,Finance,Finance Manager,PhD,Good,No,115689,127895,21-10-1966,
00-55593143,Velimir,Vishnjakov,Male,Moscow,Moscow,28-03-2020,Customer Service,Support Specialist,High School,Excellent,No,55217,60749,07-10-1998,02-04-2022
00-75094789,Ananij,Lukin,Male,Moscow,Moscow,18-07-2018,HR,Recruiter,High School,Satisfactory,No,57961,63499,30-10-1995,
00-93810432,Ninel',Kiseleva,Female,Moscow,Moscow,28-06-2021,Sales,Sales Representative,Bachelor,Excellent,No,54657,57396,18-06-1999,25-04-2024
00-93154803,Spiridon,Gerasimov,Male,Kazan,Kazan,17-12-2018,IT,Software Developer,Master,Good,Yes,75841,82094,09-12-1970,
00-40938572,Ferapont,D'jachkov,Male,Moscow,Moscow,05-11-2018,Customer Service,Help Desk Technician,Bachelor,Satisfactory,No,51508,60441,31-07-2002,
00-45771525,Arefij,Kudrjashov,Male,Moscow,Moscow,20-04-2021,Sales,Sales Manager,Master,Satisfactory,No,96481,101082,19-12-1987,
00-27023623,Semen,Blinov,Male,Moscow,Moscow,11-05-2023,IT,IT Support Specialist,High School,Good,No,57593,63536,28-09-1986,
00-99419292,Militsa,Mihajlova,Female,Moscow,Moscow,29-01-2024,Operations,Operations Analyst,Master,Good,No,64420,72011,20-03-1999,
00-47453424,Regina,Panova,Female,Kazan,Kazan,24-07-2017,Customer Service,Customer Service Representative,High School,Good,Yes,58957,62719,19-01-1998,
00-66167141,Taisija,Vlasova,Female,Moscow,Moscow,17-07-2024,Customer Service,Customer Service Representative,High School,Needs Improvement,Yes,50690,55224,21-02-1981,
00-26006630,Praskov'ja,Davydova,Female,Moscow,Moscow,01-06-2022,Operations,Operations Analyst,Master,Good,Yes,69091,82380,12-10-1983,
00-94807209,Veronika,Kozlova,Female,Kazan,Kazan,02-05-2020,Customer Service,Support Specialist,Bachelor,Good,No,51764,55409,17-05-2000,
00-58677380,Afanasij,Lobanov,Male,Moscow,Moscow,04-09-2020,Sales,Sales Manager,Master,Excellent,No,97317,103390,29-01-1981,24-04-2021
00-89974268,Irina,Nikiforova,Female,Moscow,Moscow,22-03-2021,Sales,Sales Consultant,Master,Satisfactory,Yes,80382,91554,10-01-1986,13-10-2023
00-47075620,Nadezhda,Matveeva,Female,Kazan,Kazan,19-10-2018,Customer Service,Customer Service Representative,Bachelor,Good,Yes,50680,53387,15-06-1982,
00-51585789,Marfa,Nazarova,Female,Moscow,Moscow,30-01-2018,Sales,Sales Consultant,PhD,Excellent,No,89960,121997,24-11-1970,
00-54339657,Anikita,Bespalov,Male,Moscow,Moscow,14-04-2024,IT,Software Developer,Master,Good,No,94485,108658,08-05-1970,
00-90301823,Mihail,Shubin,Male,Moscow,Moscow,15-04-2019,Operations,Inventory Specialist,High School,Good,No,59546,65429,25-08-1989,
00-33221103,Anzhelika,Lapina,Female,Moscow,Moscow,14-02-2021,Operations,Inventory Specialist,Bachelor,Good,No,53072,56686,20-03-1988,
00-37509257,Alina,Andreeva,Female,Moscow,Moscow,22-12-2024,Sales,Sales Specialist,Master,Good,Yes,55457,62450,13-08-1999,
00-93286734,Veronika,Golubeva,Female,Moscow,Moscow,08-08-2018,Sales,Sales Representative,Bachelor,Good,No,58719,64009,24-10-1989,
00-56962246,Vsevolod,Ustinov,Male,Kazan,Kazan,18-12-2023,Operations,Logistics Coordinator,Bachelor,Good,No,53915,65884,19-11-1990,
00-29039116,Tverdislav,Sergeev,Male,Moscow,Moscow,06-03-2017,IT,System Administrator,Master,Good,No,69528,76086,06-09-1993,
00-54611362,Milovan,Tsvetkov,Male,Kazan,Kazan,30-10-2024,Marketing,Marketing Coordinator,Bachelor,Good,Yes,68776,78833,06-05-2006,
00-96210319,Adam,Nesterov,Male,Moscow,Moscow,22-02-2019,IT,System Administrator,Bachelor,Satisfactory,No,70101,83553,14-12-1985,
00-79221072,Oksana,Ermakova,Female,Moscow,Moscow,15-06-2018,IT,Software Developer,Master,Good,No,86395,97403,18-04-2001,
00-82127804,Makar,Sitnikov,Male,Moscow,Moscow,02-03-2016,Customer Service,Help Desk Technician,High School,Satisfactory,No,51323,54333,15-12-2005,
00-80529606,Ipatij,Sitnikov,Male,Moscow,Moscow,04-01-2016,Operations,Operations Manager,Bachelor,Satisfactory,No,75984,96213,18-05-1967,
00-43584853,Nina,Simonova,Female,Moscow,Moscow,06-10-2017,Sales,Sales Specialist,Bachelor,Good,Yes,62680,67304,06-01-1984,
00-75161987,Evfrosinija,Romanova,Female,Kazan,Kazan,14-12-2024,IT,IT Support Specialist,Bachelor,Good,No,59057,61952,16-08-2001,
00-51721442,Julija,Kazakova,Female,Moscow,Moscow,11-05-2017,Operations,Inventory Specialist,High School,Good,Yes,50068,51792,24-10-1999,
00-68822537,Antonina,Kostina,Female,Moscow,Moscow,28-06-2017,Marketing,SEO Specialist,Bachelor,Satisfactory,No,61708,64234,13-09-1995,14-08-2021
00-19016518,Naina,Efimova,Female,Moscow,Moscow,29-04-2023,HR,Recruiter,High School,Satisfactory,No,63085,67207,21-04-1989,
00-41301402,Tat'jana,Antonova,Female,Moscow,Moscow,16-07-2017,Sales,Sales Consultant,PhD,Excellent,Yes,84867,107212,22-06-1973,
00-46768723,Svetlana,Efremova,Female,Kazan,Kazan,26-12-2021,IT,Software Developer,Master,Excellent,Yes,83513,94185,29-10-1998,
00-95521318,Avksentij,Petuhov,Male,Moscow,Moscow,15-08-2017,Operations,Logistics Coordinator,Bachelor,Satisfactory,Yes,58780,72088,15-04-1986,06-04-2021
00-34567778,Fedot,Veselov,Male,Moscow,Moscow,20-02-2019,Operations,Logistics Coordinator,Bachelor,Satisfactory,Yes,58445,67690,17-05-1992,
00-51622588,Anastasija,Rusakova,Female,Moscow,Moscow,26-04-2019,Customer Service,Customer Service Representative,Bachelor,Good,Yes,58092,62326,25-12-1981,
00-74903224,Sofija,Nesterova,Female,Moscow,Moscow,12-10-2019,Sales,Sales Representative,Bachelor,Good,Yes,65837,71020,06-11-1993,09-09-2024
00-72459064,Evfrosinija,Doronina,Female,Moscow,Moscow,14-02-2018,Customer Service,Customer Service Representative,High School,Good,Yes,54378,57810,20-09-1994,
00-46642524,Angelina,Kostina,Female,Kazan,Kazan,05-03-2022,Operations,Logistics Coordinator,Bachelor,Good,Yes,50622,51935,06-08-2000,
00-36370610,Nina,Zykova,Female,Moscow,Moscow,26-12-2017,IT,IT Support Specialist,Bachelor,Excellent,No,56005,62171,27-03-1984,
00-80600044,Matvej,Fedotov,Male,Moscow,Moscow,11-10-2023,Customer Service,Support Specialist,High School,Satisfactory,No,59501,65767,24-06-1984,
00-75088709,Polikarp,Poljakov,Male,Moscow,Moscow,28-11-2020,IT,System Administrator,Bachelor,Good,No,76635,88991,27-01-1999,06-05-2022
00-98904046,Luk'jan,Shirjaev,Male,Moscow,Moscow,19-01-2022,Operations,Operations Analyst,Bachelor,Satisfactory,No,55061,64030,19-02-2004,
00-55582968,Larisa,Nesterova,Female,Moscow,Moscow,09-09-2018,Sales,Sales Specialist,Bachelor,Satisfactory,No,68757,72661,08-02-1981,
00-51147290,Evfrosinija,Samojlova,Female,Moscow,Moscow,21-03-2017,Operations,Logistics Coordinator,Bachelor,Good,No,53096,55702,27-10-2007,
00-19974396,Artem,Sharapov,Male,Moscow,Moscow,04-02-2023,IT,Software Developer,Bachelor,Good,Yes,74201,88060,31-12-1992,
00-49196905,Ol'ga,Gorshkova,Female,Moscow,Moscow,23-11-2019,Sales,Sales Representative,Bachelor,Good,Yes,56456,58603,21-05-1994,
00-48908309,Galina,Kopylova,Female,Moscow,Moscow,15-03-2023,Operations,Inventory Specialist,Bachelor,Satisfactory,No,55948,58666,11-03-2005,
00-30334804,Ruslan,Lukin,Male,Moscow,Moscow,10-10-2022,IT,IT Support Specialist,High School,Satisfactory,Yes,50461,53631,09-08-1997,
00-79836515,Lukija,Ponomareva,Female,Moscow,Moscow,04-11-2019,Sales,Sales Representative,Bachelor,Good,No,58424,62225,21-05-1980,04-02-2022
00-52179450,Vsemil,Kapustin,Male,Moscow,Moscow,06-09-2017,Sales,Sales Specialist,Master,Good,Yes,68733,72749,01-09-1992,
00-66725883,Taras,Voronov,Male,Moscow,Moscow,19-09-2019,Sales,Sales Manager,PhD,Satisfactory,Yes,97547,107371,07-10-1991,
00-16952784,German,Andreev,Male,Moscow,Moscow,15-03-2017,Sales,Sales Consultant,PhD,Good,No,80111,88248,02-06-1972,
00-70804589,Ostap,Sobolev,Male,Moscow,Moscow,05-03-2016,Sales,Sales Representative,Bachelor,Good,No,55929,64813,11-08-1994,
00-51245600,Julija,Bogdanova,Female,Moscow,Moscow,30-04-2017,Marketing,Content Creator,High School,Satisfactory,No,56001,59369,23-10-1989,
00-38291759,Radim,Miheev,Male,Moscow,Moscow,03-02-2016,Sales,Sales Consultant,Master,Good,Yes,88217,95213,03-06-1994,
00-84049438,Nikifor,Burov,Male,Moscow,Moscow,14-03-2018,Operations,Logistics Coordinator,Bachelor,Good,Yes,58852,70225,17-03-1986,03-07-2019
00-75803971,Filimon,Kulagin,Male,Moscow,Moscow,07-03-2018,IT,Software Developer,Bachelor,Good,No,83193,98778,01-01-2001,
00-22502288,Ul'jana,Baranova,Female,Moscow,Moscow,31-01-2024,Sales,Sales Representative,Bachelor,Good,No,67356,70779,29-09-2006,
00-29610355,Gurij,Vladimirov,Male,Moscow,Moscow,29-04-2023,Customer Service,Customer Service Representative,High School,Good,Yes,59836,63251,10-09-2007,
00-60994370,Fevronija,Nesterova,Female,Moscow,Moscow,03-03-2023,Operations,Inventory Specialist,Bachelor,Satisfactory,No,57444,58804,29-07-2002,
00-44413132,Elizaveta,Voronova,Female,Moscow,Moscow,23-09-2024,Customer Service,Help Desk Technician,High School,Good,No,64301,66732,10-12-1993,
00-80918566,Pelageja,Grishina,Female,Moscow,Moscow,20-11-2023,Customer Service,Customer Service Representative,Bachelor,Satisfactory,No,53597,55712,04-10-2004,28-09-2024
00-35320403,Gordej,Sysoev,Male,Moscow,Moscow,02-02-2016,Operations,Logistics Coordinator,Bachelor,Good,No,50365,60183,04-09-2000,
00-37833338,Oksana,Kosheleva,Female,Moscow,Moscow,28-12-2022,IT,IT Support Specialist,High School,Excellent,No,55231,60117,28-07-1991,
00-84042520,Feliks,Naumov,Male,Moscow,Moscow,24-03-2016,Operations,Inventory Specialist,High School,Satisfactory,No,56448,62796,01-07-1997,
00-42085632,Serafim,Evseev,Male,Moscow,Moscow,27-11-2017,Marketing,Content Creator,High School,Good,No,56912,61024,10-03-1986,
00-81635888,Veronika,Rozhkova,Female,Moscow,Moscow,10-04-2020,Operations,Operations Analyst,Bachelor,Good,No,63628,68183,03-11-1980,15-02-2024
00-69535547,Taisija,Kirillova,Female,Moscow,Moscow,31-03-2016,Operations,Logistics Coordinator,Bachelor,Needs Improvement,Yes,55090,59474,23-09-1996,22-11-2019
00-92861537,Ivanna,Maksimova,Female,Moscow,Moscow,29-01-2020,Operations,Inventory Specialist,High School,Needs Improvement,No,58457,62167,13-03-1981,
00-86248344,Galina,Hohlova,Female,Kazan,Kazan,09-04-2023,Sales,Sales Specialist,Bachelor,Good,No,72836,77254,15-04-2004,
00-96446530,Trifon,Shashkov,Male,Moscow,Moscow,28-07-2016,Operations,Logistics Coordinator,Bachelor,Good,No,51483,62482,03-11-1986,
00-50428986,Alevtina,Kotova,Female,Moscow,Moscow,07-08-2015,IT,System Administrator,Master,Excellent,No,78364,89849,03-01-1971,
00-76310203,Radim,Nikonov,Male,Moscow,Moscow,09-07-2018,Customer Service,Help Desk Technician,High School,Good,No,60548,66029,02-11-2003,
00-63706111,Evstignej,Evdokimov,Male,Moscow,Moscow,07-06-2016,Operations,Operations Analyst,Master,Satisfactory,Yes,59251,63279,19-12-1991,
00-83326945,Tamara,Koroleva,Female,Moscow,Moscow,02-09-2024,Operations,Inventory Specialist,Bachelor,Good,Yes,57047,61691,27-05-1980,
00-80063768,Adam,Kuznetsov,Male,Moscow,Moscow,14-02-2019,Operations,Logistics Coordinator,Bachelor,Good,No,58117,67828,16-05-1999,
00-83777002,Sinklitikija,Baranova,Female,Kazan,Kazan,27-05-2019,HR,Recruiter,Bachelor,Satisfactory,No,64227,66621,20-05-2005,
00-11088886,Fedosij,Nikitin,Male,Moscow,Moscow,02-02-2023,Operations,Inventory Specialist,High School,Good,No,54083,59244,23-12-1999,
00-60002179,Terentij,Avdeev,Male,Moscow,Moscow,01-02-2019,Operations,Operations Analyst,Bachelor,Good,No,71413,84451,28-05-2004,
00-28967655,Demid,Evseev,Male,Moscow,Moscow,18-04-2015,IT,IT Support Specialist,High School,Satisfactory,Yes,57248,62222,02-05-1990,
00-19752617,Galina,Fomicheva,Female,Moscow,Moscow,27-05-2020,IT,Software Developer,Master,Good,Yes,76610,87938,16-06-1994,
00-93536532,Mark,Kondrat'ev,Male,Moscow,Moscow,04-01-2017,Operations,Logistics Coordinator,Bachelor,Good,Yes,57825,66621,02-06-1999,
00-51826926,Valentina,Fedorova,Female,Moscow,Moscow,04-01-2017,Sales,Sales Consultant,Master,Good,No,77107,88120,28-12-1998,
00-64676918,Moisej,Belousov,Male,Kazan,Kazan,21-04-2017,Sales,Sales Representative,Bachelor,Good,Yes,62582,73525,04-08-1992,
00-79146065,Miron,Kovalev,Male,Moscow,Moscow,30-11-2022,IT,Software Developer,Master,Satisfactory,No,88884,95188,08-11-1976,
00-80360331,Faina,Romanova,Female,Moscow,Moscow,09-06-2016,Operations,Logistics Coordinator,Bachelor,Satisfactory,Yes,58409,61309,12-05-2001,
00-16032119,Valerij,Shashkov,Male,Moscow,Moscow,13-09-2023,Sales,Sales Representative,Bachelor,Excellent,No,63722,78465,28-06-1981,
00-97265133,Nadezhda,Davydova,Female,Moscow,Moscow,12-12-2024,Sales,Sales Consultant,PhD,Good,Yes,85286,109938,01-09-1974,
00-48492362,Majja,Kiseleva,Female,Moscow,Moscow,08-02-2018,Operations,Inventory Specialist,Bachelor,Good,Yes,59847,64548,31-08-1986,
00-97804095,Kir,Danilov,Male,Moscow,Moscow,11-09-2016,Operations,Inventory Specialist,Bachelor,Satisfactory,No,55888,65681,15-02-2004,
00-15706617,Zoja,Guljaeva,Female,Moscow,Moscow,07-10-2016,Operations,Inventory Specialist,Bachelor,Good,No,55496,62706,20-09-1980,
00-28886040,Ol'ga,Aleksandrova,Female,Moscow,Moscow,02-01-2016,Sales,Sales Specialist,Bachelor,Needs Improvement,No,75165,82400,15-11-1981,
00-30176483,Anzhelika,Vlasova,Female,Kazan,Kazan,03-01-2017,Operations,Inventory Specialist,High School,Good,No,56638,63184,24-10-1981,
00-77577489,Ivan,Bykov,Male,Moscow,Moscow,06-12-2020,HR,HR Coordinator,Bachelor,Satisfactory,No,55480,64444,29-09-1999,
00-33763152,Sinklitikija,Samojlova,Female,Moscow,Moscow,09-11-2020,Operations,Inventory Specialist,Bachelor,Needs Improvement,Yes,54087,58809,10-04-1990,
00-57401696,Nikodim,Doronin,Male,Moscow,Moscow,11-09-2024,Sales,Sales Specialist,Bachelor,Satisfactory,No,61225,71465,02-07-1995,
00-39979517,Nikandr,Shubin,Male,Moscow,Moscow,25-01-2023,Operations,Inventory Specialist,High School,Satisfactory,Yes,58227,61461,11-11-2004,
00-12617897,Gleb,Koshelev,Male,Moscow,Moscow,12-06-2022,Operations,Inventory Specialist,Bachelor,Good,Yes,56262,64487,26-04-1998,
00-47917237,Prohor,Nikiforov,Male,Moscow,Moscow,20-07-2019,Operations,Operations Analyst,Master,Excellent,No,75528,79243,13-04-1998,
00-71162966,Izmail,Vasil'ev,Male,Moscow,Moscow,01-01-2022,Customer Service,Support Specialist,High School,Excellent,No,55931,60725,25-06-1986,
00-32520169,Evsej,Veselov,Male,Moscow,Moscow,29-06-2023,Sales,Sales Representative,Bachelor,Satisfactory,No,68149,81302,20-07-1999,
00-11386615,Feliks,Veselov,Male,Moscow,Moscow,03-10-2017,IT,Software Developer,Master,Good,No,81436,87225,09-11-1985,23-05-2020
00-68208491,Dar'ja,Rusakova,Female,Moscow,Moscow,19-02-2017,Sales,Sales Consultant,Master,Good,Yes,82703,92302,05-06-1998,
00-12780325,Artemij,Tihonov,Male,Moscow,Moscow,17-02-2024,Operations,Inventory Specialist,High School,Satisfactory,Yes,52701,57953,20-12-1983,
00-57646768,Julija,Suhanova,Female,Moscow,Moscow,26-12-2018,HR,Recruiter,High School,Satisfactory,No,68950,76022,10-10-1981,
00-22618010,Aver'jan,Filippov,Male,Moscow,Moscow,18-06-2021,Operations,Inventory Specialist,Bachelor,Needs Improvement,Yes,59551,71157,20-10-2000,
00-59916606,Ljudmila,Vorob'eva,Female,Moscow,Moscow,23-04-2019,Operations,Inventory Specialist,Bachelor,Good,No,59535,64000,09-06-1991,
00-53654794,Mefodij,Lebedev,Male,Moscow,Moscow,09-02-2015,Operations,Logistics Coordinator,Bachelor,Good,No,51569,61835,04-03-1985,
00-50617482,Natal'ja,Frolova,Female,Moscow,Moscow,07-04-2020,Marketing,Marketing Manager,Master,Good,Yes,82505,93541,21-04-1985,
00-81108273,Aristarh,Aksenov,Male,Moscow,Moscow,19-02-2021,Sales,Sales Manager,Master,Satisfactory,No,76645,81761,02-04-1979,
00-84462288,Jan,Avdeev,Male,Kazan,Kazan,04-01-2023,HR,HR Coordinator,Bachelor,Good,No,58514,68857,10-09-2001,
00-50089162,Zosima,Kalinin,Male,Moscow,Moscow,09-02-2021,Sales,Sales Representative,Bachelor,Good,No,62935,74767,14-03-2003,
00-85066708,Veronika,Lebedeva,Female,Moscow,Moscow,16-10-2018,Marketing,SEO Specialist,High School,Good,No,64699,68596,22-12-1988,
00-17729439,Terentij,Gordeev,Male,Moscow,Moscow,02-02-2024,Operations,Inventory Specialist,High School,Needs Improvement,No,58376,63364,18-06-2001,
00-42109187,Evfrosinija,Zaharova,Female,Moscow,Moscow,19-12-2024,Finance,Finance Manager,PhD,Satisfactory,No,114277,144965,12-03-1960,
00-98776335,Januarij,Kovalev,Male,Moscow,Moscow,03-02-2023,IT,System Administrator,Master,Satisfactory,No,73702,77260,23-02-1994,08-06-2024
00-37438794,Boleslav,Strelkov,Male,Moscow,Moscow,01-10-2023,Marketing,SEO Specialist,Bachelor,Good,No,67157,80611,02-11-1982,
00-21729623,Ljudmila,D'jachkova,Female,Moscow,Moscow,23-06-2024,IT,Software Developer,Master,Good,No,93570,109696,01-08-1985,
00-18848796,Vseslav,Isaev,Male,Moscow,Moscow,06-03-2021,Marketing,SEO Specialist,Bachelor,Satisfactory,Yes,50695,62416,10-06-1985,
00-67823652,Polina,Shirjaeva,Female,Moscow,Moscow,04-06-2024,Marketing,SEO Specialist,Bachelor,Good,No,54075,57774,22-04-2002,
00-55696558,Evgenija,Grishina,Female,Moscow,Moscow,24-02-2024,Operations,Operations Analyst,Master,Excellent,No,64731,74654,03-09-1997,
00-16043966,Prokl,Simonov,Male,Moscow,Moscow,11-02-2019,IT,Software Developer,Bachelor,Satisfactory,No,91861,109964,29-07-1984,
00-60171091,Arkadij,Novikov,Male,Moscow,Moscow,22-06-2018,Sales,Sales Representative,Bachelor,Good,No,69455,82312,26-12-1989,
00-16911920,Alla,Kopylova,Female,Moscow,Moscow,25-09-2021,Customer Service,Customer Service Manager,Master,Good,Yes,83251,102650,25-09-1963,
00-52302792,Luk'jan,Krjukov,Male,Kazan,Kazan,05-01-2022,Operations,Logistics Coordinator,Bachelor,Excellent,No,50388,58503,20-06-2007,25-11-2022
00-74427005,Ksenija,Sergeeva,Female,Moscow,Moscow,18-07-2023,Operations,Operations Analyst,Bachelor,Satisfactory,No,66462,69911,10-04-2007,
00-39436584,Naina,Knjazeva,Female,Moscow,Moscow,27-01-2021,IT,Software Developer,Bachelor,Good,Yes,89480,93590,03-05-1995,
00-22609025,Vladilen,Volkov,Male,Moscow,Moscow,27-06-2022,Operations,Logistics Coordinator,Bachelor,Good,No,59132,67934,01-05-2004,10-12-2023
00-76240134,Antonina,Belozerova,Female,Moscow,Moscow,22-01-2023,Sales,Sales Representative,Bachelor,Excellent,No,67157,72226,07-09-1998,
00-32009963,Panfil,Guljaev,Male,Moscow,Moscow,26-10-2020,Sales,Sales Representative,Bachelor,Good,No,69401,80655,22-08-2006,26-08-2021
00-72800652,Leonid,Judin,Male,Moscow,Moscow,11-07-2020,Finance,Accounts Payable Specialist,Bachelor,Satisfactory,No,54439,63308,13-08-1987,
00-62331825,Sergej,Krasil'nikov,Male,Moscow,Moscow,05-06-2022,IT,Software Developer,Bachelor,Good,No,83790,97302,11-12-1987,
00-35641891,Il'ja,Hohlov,Male,Moscow,Moscow,23-06-2023,Operations,Logistics Coordinator,Bachelor,Satisfactory,No,50038,60231,04-01-1991,15-05-2024
00-28089649,Vlas,Isaev,Male,Moscow,Moscow,12-03-2020,Sales,Sales Representative,Bachelor,Satisfactory,No,55720,65270,21-05-1988,
00-32639136,Agata,Subbotina,Female,Kazan,Kazan,18-06-2020,Sales,Sales Representative,Bachelor,Good,No,69583,73173,13-11-1988,
00-70082652,Maksim,Romanov,Male,Moscow,Moscow,19-09-2024,IT,Software Developer,Bachelor,Satisfactory,No,75032,87807,13-06-1994,
00-25389085,Igor',Kornilov,Male,Moscow,Moscow,25-06-2017,Sales,Sales Specialist,Bachelor,Good,Yes,58646,68244,03-01-1989,
00-65207212,Stepan,Kirillov,Male,Moscow,Moscow,22-09-2017,IT,Software Developer,Bachelor,Good,No,91664,108537,27-10-1991,24-03-2024
00-44407337,Anzhela,Nikitina,Female,Kazan,Kazan,23-02-2021,Sales,Sales Consultant,Bachelor,Excellent,Yes,66258,70363,27-12-1998,
00-54026657,Dobromysl,Nikonov,Male,Moscow,Moscow,14-08-2019,Customer Service,Help Desk Technician,High School,Satisfactory,Yes,54002,57237,04-08-1998,
00-70495597,Danila,Gorshkov,Male,Moscow,Moscow,23-07-2020,IT,Software Developer,Master,Satisfactory,Yes,88543,95181,29-08-1987,
00-68237359,Parfen,Uvarov,Male,Kazan,Kazan,23-03-2022,Sales,Sales Consultant,PhD,Satisfactory,Yes,62863,66728,25-03-1996,
00-36896326,Eduard,Ignatov,Male,Moscow,Moscow,30-05-2017,Sales,Sales Specialist,Bachelor,Good,No,79966,95812,17-04-1992,
00-86616001,Nina,Sorokina,Female,Moscow,Moscow,06-03-2022,Sales,Sales Representative,Bachelor,Good,Yes,52998,56686,08-04-1991,
00-97254753,Ljubov',Lihacheva,Female,Moscow,Moscow,25-12-2020,Customer Service,Help Desk Technician,High School,Good,No,54263,56364,08-02-2001,
00-21294231,Sergej,Filippov,Male,Moscow,Moscow,06-09-2020,Customer Service,Support Specialist,Bachelor,Satisfactory,No,56349,66058,01-09-1996,27-10-2021
00-32411486,Porfirij,Zaharov,Male,Kazan,Kazan,08-01-2022,Marketing,Marketing Coordinator,Bachelor,Satisfactory,Yes,61472,74396,21-08-1984,
00-94036548,Timur,Orlov,Male,Moscow,Moscow,15-11-2020,Marketing,Marketing Coordinator,Bachelor,Good,No,55681,66886,28-05-1980,
00-32842712,Iosif,Ustinov,Male,Moscow,Moscow,10-08-2015,Operations,Operations Analyst,Master,Satisfactory,No,52131,58242,06-10-1971,
00-73330964,Ostap,Vorontsov,Male,Moscow,Moscow,14-04-2022,IT,System Administrator,Bachelor,Good,No,77211,93114,25-04-1994,
00-75061882,Martyn,Isaev,Male,Moscow,Moscow,08-12-2022,Sales,Sales Representative,Bachelor,Good,No,65738,76603,15-03-1990,19-06-2024
00-28770840,Nina,Prohorova,Female,Moscow,Moscow,25-01-2017,Sales,Sales Representative,Bachelor,Excellent,Yes,58853,63140,06-01-1997,
00-21880265,Julija,Ivanova,Female,Moscow,Moscow,14-02-2023,Operations,Logistics Coordinator,Bachelor,Good,Yes,56114,57958,31-03-2005,
00-71788603,Stanimir,Knjazev,Male,Moscow,Moscow,12-02-2021,Operations,Inventory Specialist,Bachelor,Satisfactory,No,54291,65314,16-02-1983,
00-85429499,Praskov'ja,Potapova,Female,Moscow,Moscow,12-01-2020,Marketing,SEO Specialist,Bachelor,Good,Yes,75500,79009,11-11-2007,
00-29947918,Evsej,Lukin,Male,Moscow,Moscow,22-11-2024,Finance,Accounts Payable Specialist,Bachelor,Good,Yes,50521,59926,30-07-1996,
00-76505662,Anastasija,Kozlova,Female,Moscow,Moscow,24-11-2023,Finance,Accountant,Bachelor,Good,No,62555,66356,11-09-1992,
00-29631929,Vladilen,Gorbunov,Male,Kazan,Kazan,20-05-2023,Operations,Logistics Coordinator,Bachelor,Good,No,53198,61719,12-07-1988,
00-79332123,Januarij,Fokin,Male,Moscow,Moscow,11-01-2020,Sales,Sales Specialist,Bachelor,Good,Yes,60557,69700,07-11-1998,
00-43229218,Nonna,Sazonova,Female,Moscow,Moscow,18-10-2020,Operations,Operations Analyst,Bachelor,Good,No,65130,68467,10-07-1982,
00-94665321,Marija,Solov'eva,Female,Moscow,Moscow,06-03-2017,Operations,Inventory Specialist,High School,Good,Yes,54757,56548,23-02-2003,
00-20610725,Aristarh,Medvedev,Male,Moscow,Moscow,12-12-2019,Operations,Inventory Specialist,Bachelor,Good,Yes,53289,61640,06-12-2002,
00-83603119,Vasilij,Fedotov,Male,Moscow,Moscow,01-09-2017,Operations,Inventory Specialist,High School,Good,No,51753,56670,10-03-1998,23-10-2024
00-83138864,Ul'jan,Matveev,Male,Kazan,Kazan,18-05-2023,Operations,Logistics Coordinator,Bachelor,Good,No,52259,60301,28-10-1998,
00-99877566,Evdokija,Zimina,Female,Kazan,Kazan,23-05-2015,Finance,Accountant,Bachelor,Satisfactory,No,53817,57555,20-06-1990,
00-90568320,Larisa,Nikolaeva,Female,Kazan,Kazan,09-02-2015,Operations,Inventory Specialist,High School,Satisfactory,No,57806,63958,26-09-1981,
00-79852230,Gleb,Nikitin,Male,Kazan,Kazan,21-09-2016,Marketing,Content Creator,High School,Satisfactory,No,57081,61684,07-04-1999,
00-36851028,Erast,Panov,Male,Moscow,Moscow,15-11-2021,Operations,Logistics Coordinator,Bachelor,Good,No,50573,61353,18-12-1988,
00-84741734,Evdokim,Fadeev,Male,Moscow,Moscow,27-02-2017,IT,Software Developer,Master,Excellent,No,70172,74812,13-11-1986,
00-18383773,Valerija,Potapova,Female,Moscow,Moscow,22-01-2022,Customer Service,Support Specialist,High School,Satisfactory,No,56638,59632,20-10-1982,
00-12488456,Ul'jana,Kulikova,Female,Moscow,Moscow,07-06-2015,Operations,Logistics Coordinator,Bachelor,Good,Yes,58875,61481,09-03-1991,
00-81540506,Marina,Fomina,Female,Moscow,Moscow,14-02-2017,Sales,Sales Specialist,PhD,Good,No,57109,77451,13-05-1969,
00-50125402,Nestor,Moiseev,Male,Moscow,Moscow,30-10-2020,Operations,Logistics Coordinator,Bachelor,Good,Yes,54724,64115,02-01-2005,
00-21939324,Polina,Kostina,Female,Moscow,Moscow,01-09-2019,Customer Service,Customer Service Representative,High School,Good,No,52290,58374,11-02-1980,
00-81932208,Anastasija,Larionova,Female,Moscow,Moscow,22-03-2023,Operations,Operations Analyst,Master,Good,No,56001,67166,29-09-1970,
00-78529802,Karl,Kornilov,Male,Moscow,Moscow,26-06-2017,Marketing,SEO Specialist,Bachelor,Good,Yes,63579,74819,02-04-2001,
00-49644604,Viktorin,Larionov,Male,Moscow,Moscow,11-12-2016,HR,Recruiter,Bachelor,Good,No,55290,64761,02-02-2007,27-05-2018
00-31936080,Lora,Dmitrieva,Female,Moscow,Moscow,01-01-2024,Customer Service,Customer Service Representative,Bachelor,Satisfactory,Yes,58226,65094,08-09-1981,
00-13419022,Izjaslav,Pahomov,Male,Moscow,Moscow,02-07-2023,IT,System Administrator,Master,Good,No,62408,66729,23-08-1998,
00-11432523,Jakov,Gorbachev,Male,Moscow,Moscow,24-10-2017,IT,Software Developer,Master,Good,Yes,82267,87741,11-09-1992,
00-20720665,Bojan,Petrov,Male,Moscow,Moscow,20-12-2015,Sales,Sales Representative,Bachelor,Good,Yes,58758,70301,02-03-1996,
00-59799293,Aleksej,Kopylov,Male,Moscow,Moscow,06-12-2017,Operations,Inventory Specialist,High School,Excellent,No,58806,65235,24-04-1998,
00-58050857,Kir,Timofeev,Male,Moscow,Moscow,25-03-2016,Operations,Operations Analyst,Bachelor,Good,No,77133,97359,07-06-1980,
00-98314404,Anikej,Kuznetsov,Male,Moscow,Moscow,13-08-2020,Finance,Accounts Payable Specialist,Bachelor,Good,No,58398,68318,05-06-1997,
00-68872670,Nonna,Simonova,Female,Moscow,Moscow,07-08-2020,Marketing,SEO Specialist,High School,Good,No,67852,70660,05-12-1999,
00-22970331,Ol'ga,Solov'eva,Female,Kazan,Kazan,08-09-2023,IT,IT Support Specialist,Bachelor,Satisfactory,No,50018,54597,09-07-1992,
00-68526821,Valer'jan,Kalashnikov,Male,Moscow,Moscow,02-10-2023,Sales,Sales Representative,Bachelor,Satisfactory,No,52460,61063,22-03-2004,
00-64530558,Demid,Matveev,Male,Moscow,Moscow,04-08-2018,IT,IT Support Specialist,High School,Good,No,57978,64851,16-07-1995,
00-47591021,Januarij,Sysoev,Male,Moscow,Moscow,05-11-2024,Operations,Logistics Coordinator,Bachelor,Good,No,52300,61290,20-02-1992,
00-24595866,Emilija,Emel'janova,Female,Kazan,Kazan,06-03-2016,IT,System Administrator,Bachelor,Good,Yes,78550,82969,07-08-1989,
00-46704399,Pelageja,Davydova,Female,Moscow,Moscow,28-12-2017,Marketing,SEO Specialist,Bachelor,Needs Improvement,No,67741,71143,15-05-2005,
00-53728440,Fekla,Lavrent'eva,Female,Moscow,Moscow,13-01-2023,IT,IT Support Specialist,High School,Good,No,50725,52587,02-09-2000,01-10-2023
00-44460619,Valentina,Schukina,Female,Moscow,Moscow,15-06-2023,Marketing,SEO Specialist,High School,Satisfactory,No,51274,54618,04-03-1980,
00-74294672,Larisa,Komissarova,Female,Moscow,Moscow,05-11-2019,IT,Software Developer,Bachelor,Excellent,No,83868,89906,11-10-1983,
00-10540422,Marfa,Tsvetkova,Female,Moscow,Moscow,28-11-2016,IT,IT Support Specialist,High School,Needs Improvement,No,51616,56344,06-01-1990,
00-63712770,Tat'jana,Gavrilova,Female,Moscow,Moscow,10-11-2015,Sales,Sales Specialist,PhD,Good,No,52104,65346,20-08-1975,
00-40675951,Longin,Andreev,Male,Moscow,Moscow,22-03-2019,Sales,Sales Manager,Master,Good,No,85868,93593,27-11-1991,
00-76959357,Savva,Kuz'min,Male,Moscow,Moscow,05-12-2022,Sales,Sales Representative,Bachelor,Good,No,60716,73667,23-12-1986,21-12-2023
00-62715518,Nikolaj,Sharapov,Male,Moscow,Moscow,20-04-2023,Customer Service,Support Specialist,High School,Good,No,54779,60347,25-05-1998,
00-97846502,Vjacheslav,Golubev,Male,Moscow,Moscow,09-09-2018,Operations,Operations Analyst,Master,Excellent,No,77792,84110,26-12-1995,
00-19037519,Zosima,Vinogradov,Male,Moscow,Moscow,15-10-2016,Operations,Logistics Coordinator,Bachelor,Good,Yes,58424,69892,24-09-1986,12-03-2021
00-31071290,Veronika,Komissarova,Female,Kazan,Kazan,10-11-2021,Customer Service,Help Desk Technician,High School,Good,No,58187,62174,10-12-1999,
00-32566122,Pankrat,Il'in,Male,Kazan,Kazan,24-04-2022,IT,IT Manager,PhD,Satisfactory,No,108158,125645,25-04-1963,
00-70270113,Venedikt,Shubin,Male,Moscow,Moscow,31-07-2018,Customer Service,Customer Service Representative,Bachelor,Good,Yes,54074,63948,23-06-2001,
00-49999342,Antonina,Fedotova,Female,Moscow,Moscow,08-06-2024,Finance,Accounts Payable Specialist,Bachelor,Satisfactory,No,55867,59059,06-07-1993,
00-41693508,Ustin,Larionov,Male,Moscow,Moscow,21-02-2015,Operations,Inventory Specialist,Bachelor,Excellent,No,53842,61378,10-09-2003,
00-36313807,Innokentij,Markov,Male,Moscow,Moscow,17-12-2018,Customer Service,Help Desk Technician,High School,Needs Improvement,No,75926,83881,24-08-1998,
00-62673446,Evpraksija,Samsonova,Female,Moscow,Moscow,12-12-2020,Customer Service,Help Desk Technician,High School,Needs Improvement,No,79110,83422,30-10-1992,
00-33341304,Nina,Zaharova,Female,Moscow,Moscow,06-09-2024,Sales,Sales Representative,Bachelor,Satisfactory,No,58654,60377,13-03-1997,
00-18882302,Dorofej,Krasil'nikov,Male,Moscow,Moscow,17-07-2019,Operations,Logistics Coordinator,Bachelor,Good,Yes,56032,66691,07-02-1990,
00-20596217,Iosif,Belousov,Male,Kazan,Kazan,22-04-2021,Sales,Sales Representative,Bachelor,Satisfactory,No,55095,68850,08-12-1981,
00-61175360,Rodion,Sidorov,Male,Moscow,Moscow,30-06-2015,Finance,Accounts Payable Specialist,Bachelor,Satisfactory,No,56051,64542,26-11-2005,
00-72044366,Iraida,Kulikova,Female,Moscow,Moscow,14-11-2017,IT,IT Support Specialist,High School,Satisfactory,No,55188,58169,15-02-2006,
00-20174556,Stepan,Lazarev,Male,Kazan,Kazan,08-07-2018,Sales,Sales Representative,Bachelor,Good,No,55527,65232,02-11-1988,
00-56127637,Elizaveta,Lazareva,Female,Moscow,Moscow,09-08-2015,Customer Service,Help Desk Technician,High School,Good,Yes,61850,67911,15-11-1987,
00-55178333,Ljubosmysl,Kuznetsov,Male,Moscow,Moscow,05-01-2019,Operations,Operations Analyst,Master,Excellent,No,59286,65294,25-01-1970,
00-45741556,Eleonora,Selezneva,Female,Moscow,Moscow,22-10-2017,IT,IT Support Specialist,High School,Needs Improvement,Yes,58436,61257,27-08-2001,
00-65587131,Varvara,Rybakova,Female,Kazan,Kazan,16-06-2017,Sales,Sales Specialist,PhD,Satisfactory,Yes,55167,70136,26-09-1980,
00-92924491,Demid,Davydov,Male,Moscow,Moscow,22-06-2023,Customer Service,Help Desk Technician,High School,Satisfactory,No,69928,77712,01-06-1991,03-03-2024
00-40436408,Emilija,Moiseeva,Female,Moscow,Moscow,27-08-2017,Sales,Sales Manager,Master,Excellent,No,106069,121480,18-07-1979,
00-16892333,Vissarion,Timofeev,Male,Moscow,Moscow,17-07-2024,Operations,Logistics Coordinator,Bachelor,Good,No,53379,63639,10-11-1983,
00-97412252,Vera,Zykova,Female,Moscow,Moscow,03-07-2022,Operations,Inventory Specialist,High School,Satisfactory,No,56130,62194,05-05-1982,
00-29266782,Onufrij,Aksenov,Male,Moscow,Moscow,27-06-2015,Customer Service,Support Specialist,Bachelor,Satisfactory,Yes,58270,70526,10-01-1984,
00-59525431,Modest,Bol'shakov,Male,Kazan,Kazan,13-05-2020,Finance,Accountant,Bachelor,Good,No,50865,59365,24-11-1992,
00-21796803,Leon,Lapin,Male,Moscow,Moscow,22-11-2018,Finance,Accountant,Bachelor,Good,No,62007,72616,15-01-1984,
00-33115326,Julij,Shestakov,Male,Moscow,Moscow,12-08-2024,Customer Service,Customer Service Representative,High School,Good,Yes,59762,66505,14-05-1989,
00-93576261,Regina,Popova,Female,Moscow,Moscow,18-06-2016,IT,IT Support Specialist,Bachelor,Good,No,54860,57648,24-02-2005,25-07-2018
00-20868387,Demid,Ignat'ev,Male,Moscow,Moscow,24-08-2024,Operations,Inventory Specialist,High School,Good,No,55267,62449,15-07-1992,04-06-2025
00-85120404,Prokofij,Kozlov,Male,Moscow,Moscow,06-05-2018,Sales,Sales Manager,Master,Excellent,No,71356,75870,31-12-1982,
00-74154005,Raisa,Artem'eva,Female,Moscow,Moscow,17-02-2017,Sales,Sales Representative,Bachelor,Good,No,57173,61634,26-04-1989,
00-94157110,Sofija,Sharova,Female,Moscow,Moscow,13-12-2017,IT,IT Support Specialist,High School,Good,Yes,58597,63581,02-10-1993,
00-76742501,Galina,Baranova,Female,Moscow,Moscow,19-12-2018,Operations,Logistics Coordinator,Bachelor,Good,No,54424,58438,10-05-1998,
00-23551046,Julija,Zinov'eva,Female,Moscow,Moscow,26-04-2017,Customer Service,Support Specialist,Bachelor,Good,No,59221,63423,21-11-1980,
00-30208860,Anna,Selezneva,Female,Moscow,Moscow,28-07-2018,Marketing,Content Creator,High School,Good,Yes,53629,59839,29-08-1981,
00-25220935,Efim,Kudrjavtsev,Male,Moscow,Moscow,23-11-2024,Sales,Sales Consultant,Bachelor,Good,No,87284,100426,24-09-2001,
00-13787475,Harlampij,Egorov,Male,Moscow,Moscow,05-07-2019,Customer Service,Support Specialist,Bachelor,Good,Yes,59143,68497,06-12-1991,
00-16872421,Aver'jan,Beljaev,Male,Moscow,Moscow,14-12-2020,Operations,Logistics Coordinator,Bachelor,Satisfactory,Yes,58748,69619,21-01-1989,
00-42308939,Tamara,Knjazeva,Female,Moscow,Moscow,18-11-2022,Customer Service,Help Desk Technician,Bachelor,Satisfactory,Yes,74781,82229,15-04-1988,
00-11733854,Parfen,Fedoseev,Male,Moscow,Moscow,17-12-2024,Customer Service,Support Specialist,High School,Satisfactory,Yes,57931,64290,14-08-1996,
00-32241876,Isaj,Grishin,Male,Kazan,Kazan,07-02-2020,IT,System Administrator,Master,Good,No,83247,90273,27-07-1970,
00-94221938,Marina,Arhipova,Female,Moscow,Moscow,13-04-2019,Operations,Operations Analyst,Master,Good,Yes,72317,84630,12-03-1982,12-09-2022
00-19708745,Prokl,Kazakov,Male,Moscow,Moscow,11-08-2018,Operations,Inventory Specialist,High School,Satisfactory,Yes,58333,63575,15-09-1986,31-03-2023
00-26699987,Elena,Miheeva,Female,Kazan,Kazan,08-02-2015,Customer Service,Help Desk Technician,Bachelor,Good,No,66061,73544,25-04-1983,
00-23426763,Eduard,Nikonov,Male,Moscow,Moscow,28-08-2024,Sales,Sales Representative,Bachelor,Satisfactory,No,51515,64093,04-07-1983,
00-18059763,Fedot,Mihajlov,Male,Moscow,Moscow,28-02-2019,Operations,Inventory Specialist,Bachelor,Needs Improvement,No,58220,68982,18-10-2001,
00-96041789,Vissarion,Gorbunov,Male,Moscow,Moscow,23-06-2024,Sales,Sales Consultant,Master,Good,No,68540,71472,27-06-1995,
00-87848119,Aleksandra,Doronina,Female,Moscow,Moscow,06-07-2018,Customer Service,Customer Service Representative,Bachelor,Good,Yes,53901,56898,09-03-1992,
00-80959332,Rjurik,Gorshkov,Male,Kazan,Kazan,12-11-2019,Customer Service,Support Specialist,High School,Satisfactory,No,59513,63919,11-01-1983,
00-67420441,Filimon,Kabanov,Male,Moscow,Moscow,20-05-2020,Finance,Financial Analyst,Bachelor,Needs Improvement,No,80572,95425,16-04-1994,
00-83482948,Ilarion,Guschin,Male,Moscow,Moscow,24-03-2019,Customer Service,Help Desk Technician,Bachelor,Satisfactory,No,55937,66765,29-04-1997,
00-27734028,Fedosij,Abramov,Male,Moscow,Moscow,20-04-2021,Operations,Operations Analyst,Bachelor,Good,No,74020,86223,26-04-2006,
00-88730320,Juvenalij,Artem'ev,Male,Moscow,Moscow,04-09-2015,IT,IT Support Specialist,Bachelor,Satisfactory,No,54993,65124,26-08-2001,
00-72483297,Kapiton,Drozdov,Male,Kazan,Kazan,03-09-2023,Sales,Sales Representative,Bachelor,Good,No,55542,63744,23-02-2003,
00-54274708,Faina,Pestova,Female,Moscow,Moscow,06-07-2017,Finance,Financial Analyst,Master,Good,No,64913,75000,01-10-1992,
00-41365488,Militsa,Kolesnikova,Female,Moscow,Moscow,05-05-2023,Customer Service,Support Specialist,High School,Good,No,50734,55049,31-01-1992,
00-47685844,Aleksandra,Rusakova,Female,Moscow,Moscow,23-11-2020,Marketing,Marketing Coordinator,Bachelor,Satisfactory,No,68605,75204,02-01-1990,
00-19728956,Elisej,Fedorov,Male,Moscow,Moscow,04-01-2017,Marketing,Marketing Coordinator,Bachelor,Needs Improvement,No,58381,67424,03-06-1995,
00-34519969,Anna,Sergeeva,Female,Moscow,Moscow,07-07-2023,Customer Service,Help Desk Technician,Bachelor,Good,No,72636,77349,28-09-1998,
00-12964540,Zosima,Lihachev,Male,Moscow,Moscow,06-07-2017,Sales,Sales Consultant,Master,Excellent,No,76927,80936,14-01-1997,
00-85114158,Varfolomej,Volkov,Male,Moscow,Moscow,05-12-2023,Operations,Logistics Coordinator,Bachelor,Good,No,59241,70963,20-11-1995,
00-96594743,Jurij,Konstantinov,Male,Moscow,Moscow,24-03-2019,Customer Service,Help Desk Technician,Bachelor,Good,No,50305,60388,13-03-1989,
00-40000341,Taisija,Schukina,Female,Moscow,Moscow,11-04-2024,Sales,Sales Consultant,Bachelor,Satisfactory,No,88344,94208,11-10-1986,
00-65213948,Ul'jan,Lebedev,Male,Moscow,Moscow,10-04-2022,Sales,Sales Representative,Bachelor,Good,No,52885,61332,09-05-2007,
00-31977815,Averkij,Birjukov,Male,Moscow,Moscow,04-06-2017,IT,IT Support Specialist,Bachelor,Needs Improvement,No,52278,63606,06-04-1989,
00-56301260,Tat'jana,Ponomareva,Female,Moscow,Moscow,05-07-2023,Operations,Operations Analyst,Bachelor,Good,Yes,70767,78255,29-07-1982,
00-83824415,Mart'jan,Shubin,Male,Moscow,Moscow,04-07-2020,Sales,Sales Specialist,Master,Good,No,59403,61964,16-03-1989,
00-33069155,Luka,Solov'ev,Male,Moscow,Moscow,29-08-2024,Sales,Sales Specialist,Master,Good,Yes,62897,66637,22-05-1996,
00-33583311,Alevtina,Pestova,Female,Moscow,Moscow,06-05-2015,Operations,Logistics Coordinator,Bachelor,Satisfactory,No,58189,60150,07-07-1999,
00-82381235,Pavel,Panov,Male,Moscow,Moscow,28-06-2016,Operations,Inventory Specialist,Bachelor,Good,No,55866,63425,16-01-2007,
00-43131830,Emmanuil,Rybakov,Male,Moscow,Moscow,30-12-2023,Finance,Financial Analyst,Master,Satisfactory,No,61110,63315,18-01-2001,
00-44424448,Platon,Galkin,Male,Moscow,Moscow,14-11-2024,Operations,Logistics Coordinator,Bachelor,Good,Yes,58970,67995,06-01-1996,
00-65158143,Ipatij,Blinov,Male,Moscow,Moscow,25-02-2020,Sales,Sales Representative,Bachelor,Satisfactory,No,51793,60276,30-10-1995,
00-70706468,Amvrosij,Nazarov,Male,Moscow,Moscow,09-06-2018,IT,IT Support Specialist,Bachelor,Satisfactory,No,54432,65484,12-05-1984,
00-71280009,Tihon,Isaev,Male,Moscow,Moscow,17-05-2019,Sales,Sales Specialist,Master,Good,No,60966,69475,16-05-1972,
00-18882187,Marfa,Selezneva,Female,Kazan,Kazan,04-12-2022,Sales,Sales Representative,Bachelor,Good,Yes,60876,64062,06-11-1997,
00-10753428,Vladislav,Burov,Male,Kazan,Kazan,28-10-2016,IT,Software Developer,Master,Excellent,No,94801,105770,13-01-1971,
00-98820298,Trofim,Shirjaev,Male,Moscow,Moscow,16-08-2022,Customer Service,Help Desk Technician,Bachelor,Good,No,56192,68605,04-11-1981,
00-25806744,Raisa,Kapustina,Female,Kazan,Kazan,17-02-2020,Sales,Sales Representative,Bachelor,Needs Improvement,Yes,57174,60684,09-10-1994,
00-82658781,Ernest,Popov,Male,Moscow,Moscow,15-05-2015,Customer Service,Customer Service Representative,Bachelor,Good,No,54093,63170,11-09-2000,27-02-2018
00-36279841,Ermolaj,Pavlov,Male,Moscow,Moscow,05-04-2020,Sales,Sales Specialist,Bachelor,Satisfactory,No,79295,95137,15-09-1997,
00-18347989,Ladimir,Tsvetkov,Male,Moscow,Moscow,09-02-2015,Operations,Operations Analyst,Master,Excellent,No,64008,67846,01-09-1991,
00-26590839,Irina,Jakovleva,Female,Moscow,Moscow,06-01-2019,Finance,Accountant,Bachelor,Satisfactory,No,70923,74407,16-06-1998,
00-68725896,Alla,Mamontova,Female,Moscow,Moscow,11-07-2021,IT,Software Developer,Bachelor,Good,No,91889,93862,28-08-2007,
00-14003972,Angelina,Kuz'mina,Female,Moscow,Moscow,02-04-2021,Operations,Operations Analyst,Master,Good,No,60062,67866,11-02-1998,
00-61569623,Marina,Lebedeva,Female,Moscow,Moscow,29-01-2015,Finance,Accountant,Bachelor,Good,No,53829,56345,12-06-1994,
00-56927238,Mihej,Kulakov,Male,Moscow,Moscow,01-09-2016,Customer Service,Support Specialist,High School,Good,No,54288,59287,20-03-2001,
00-63561867,Fevronija,Lapina,Female,Moscow,Moscow,01-04-2016,Finance,Accountant,Bachelor,Satisfactory,Yes,55999,60689,29-06-1997,
00-99855567,Antonina,Nikonova,Female,Kazan,Kazan,04-07-2024,Marketing,Marketing Coordinator,Bachelor,Good,No,56390,63749,15-10-1981,
00-83912556,Ipatij,Molchanov,Male,Moscow,Moscow,07-08-2017,IT,Software Developer,Master,Good,No,90517,96777,04-02-1976,03-04-2023
00-84867199,Rostislav,Kulagin,Male,Moscow,Moscow,18-08-2017,Sales,Sales Specialist,Master,Good,No,58608,65025,16-03-1988,
00-62608565,Afanasij,Ovchinnikov,Male,Moscow,Moscow,14-08-2017,IT,IT Support Specialist,Bachelor,Satisfactory,No,55108,64736,18-01-2006,
00-42835863,Majja,Naumova,Female,Kazan,Kazan,25-07-2016,Customer Service,Help Desk Technician,Bachelor,Satisfactory,No,67227,70745,08-02-1988,
00-31077773,Ljubomir,Kolesnikov,Male,Moscow,Moscow,19-01-2017,IT,IT Support Specialist,High School,Good,Yes,50476,54847,25-02-1994,
00-75581943,Aleksandra,Lukina,Female,Moscow,Moscow,01-09-2021,IT,Software Developer,Master,Good,No,93411,107201,02-12-1978,
00-35848456,Tvorimir,Guljaev,Male,Moscow,Moscow,18-04-2022,Operations,Logistics Coordinator,Bachelor,Satisfactory,Yes,56649,66848,31-08-1983,
00-94066140,Veniamin,Kuznetsov,Male,Moscow,Moscow,10-05-2016,HR,HR Assistant,High School,Needs Improvement,No,56368,63416,03-11-1988,
00-17961448,Valer'jan,Agafonov,Male,Moscow,Moscow,27-10-2016,Sales,Sales Consultant,Master,Satisfactory,No,64367,70084,16-09-1978,
00-87051394,Leonid,Nikonov,Male,Moscow,Moscow,05-04-2017,IT,IT Support Specialist,Bachelor,Good,No,53572,62108,27-12-2002,
00-60477951,Antonin,Kalinin,Male,Moscow,Moscow,22-11-2018,Operations,Logistics Coordinator,Bachelor,Good,Yes,59436,71137,21-07-1992,
00-77755038,Zosima,Shilov,Male,Moscow,Moscow,14-09-2018,Finance,Accountant,Bachelor,Good,No,64577,75667,16-04-1992,
00-83850883,Ustin,Petuhov,Male,Moscow,Moscow,02-06-2020,Customer Service,Help Desk Technician,High School,Satisfactory,No,66267,76087,21-09-1980,
00-99720649,Militsa,D'jachkova,Female,Moscow,Moscow,24-08-2019,Operations,Inventory Specialist,Bachelor,Good,No,58671,63347,10-05-1988,14-05-2020
00-39729455,Milan,Komarov,Male,Kazan,Kazan,03-04-2017,Operations,Operations Analyst,Bachelor,Excellent,Yes,58552,67180,05-02-2002,27-01-2022
00-75009159,Tamara,Nazarova,Female,Moscow,Moscow,29-06-2019,Customer Service,Help Desk Technician,Bachelor,Good,No,76765,85787,25-04-1985,
00-54459067,Bogdan,Ivanov,Male,Moscow,Moscow,05-05-2017,Sales,Sales Consultant,Master,Good,No,84416,87986,09-07-1990,
00-37524880,Andrej,Golubev,Male,Moscow,Moscow,02-07-2017,Operations,Logistics Coordinator,Bachelor,Good,No,55515,65272,20-03-2004,
00-77327698,Avdej,Zhdanov,Male,Moscow,Moscow,26-04-2019,IT,System Administrator,Master,Good,Yes,83003,88228,01-12-1982,
00-92483685,Evdokija,Suhanova,Female,Moscow,Moscow,28-07-2023,Operations,Inventory Specialist,High School,Good,No,52633,56724,06-10-1998,
00-21624399,Vasilisa,Muhina,Female,Kazan,Kazan,28-12-2015,Operations,Inventory Specialist,Bachelor,Good,Yes,53910,55989,05-11-2000,
00-64423491,Radislav,Krasil'nikov,Male,Kazan,Kazan,06-05-2023,Finance,Accounts Payable Specialist,Bachelor,Good,No,50688,58959,31-07-1998,
00-79058533,Nazar,Dement'ev,Male,Kazan,Kazan,30-04-2024,Operations,Inventory Specialist,High School,Satisfactory,No,59133,64839,28-05-1981,
00-46703671,Nina,Kozlova,Female,Moscow,Moscow,27-07-2018,Marketing,Content Creator,Bachelor,Satisfactory,Yes,54693,57528,23-12-1997,
00-29968678,Eleonora,Terent'eva,Female,Moscow,Moscow,10-02-2015,Marketing,Content Creator,Bachelor,Satisfactory,No,53714,56122,10-03-2007,
00-92994421,Afanasij,Denisov,Male,Kazan,Kazan,19-05-2024,IT,IT Support Specialist,Bachelor,Satisfactory,No,59734,70448,29-12-1986,05-10-2025
00-69890846,Alla,Tarasova,Female,Moscow,Moscow,22-04-2022,Sales,Sales Representative,Bachelor,Good,No,56119,59048,23-01-2002,
00-91974872,Potap,Danilov,Male,Kazan,Kazan,06-12-2019,Marketing,Content Creator,High School,Good,No,54949,59144,20-02-1990,
00-56451138,Valerija,Osipova,Female,Moscow,Moscow,14-06-2016,IT,System Administrator,Master,Good,No,69210,79643,23-03-1978,
00-11381765,Kazimir,Maslov,Male,Moscow,Moscow,16-11-2017,Operations,Logistics Coordinator,Bachelor,Good,Yes,56092,66844,11-02-2000,
00-89333215,Alla,Koroleva,Female,Moscow,Moscow,23-10-2023,Customer Service,Customer Service Representative,Bachelor,Good,No,58097,61862,06-08-1989,
00-92497590,Valentin,Terent'ev,Male,Moscow,Moscow,20-12-2020,Operations,Operations Analyst,Bachelor,Good,No,60241,70935,18-08-1992,21-09-2023
00-28079156,Fedor,Savin,Male,Moscow,Moscow,01-10-2023,Operations,Logistics Coordinator,Bachelor,Needs Improvement,No,55971,64571,14-01-1991,
00-60208760,Sofon,Gur'ev,Male,Moscow,Moscow,01-09-2024,Customer Service,Support Specialist,Bachelor,Satisfactory,No,52710,63501,18-04-1986,
00-89746790,Veronika,Eliseeva,Female,Moscow,Moscow,12-03-2023,IT,Software Developer,Bachelor,Needs Improvement,No,74162,79784,18-05-1997,
00-23979170,Milovan,Poljakov,Male,Moscow,Moscow,25-07-2023,Sales,Sales Representative,Bachelor,Good,No,60609,69853,28-10-2007,
00-58605303,Miroslav,Zajtsev,Male,Moscow,Moscow,01-06-2018,IT,IT Support Specialist,High School,Excellent,No,52528,55749,04-06-1996,
00-63382683,Stojan,Ustinov,Male,Kazan,Kazan,06-02-2017,Customer Service,Customer Service Representative,High School,Satisfactory,No,53233,58025,07-06-1982,
00-86079150,Valerija,Stepanova,Female,Moscow,Moscow,30-06-2019,Customer Service,Customer Service Representative,High School,Needs Improvement,No,54042,56338,15-12-1990,
00-52178638,Raisa,Arhipova,Female,Kazan,Kazan,02-04-2016,IT,IT Support Specialist,High School,Needs Improvement,No,55593,58370,23-01-1994,
00-49834932,Ljubomir,Rusakov,Male,Kazan,Kazan,28-06-2019,Customer Service,Support Specialist,Bachelor,Good,Yes,54866,64818,11-08-1989,
00-63085907,Zoja,Jakusheva,Female,Moscow,Moscow,26-03-2023,Customer Service,Support Specialist,Bachelor,Good,Yes,51614,54809,29-09-2001,
00-94253748,Ivanna,Frolova,Female,Moscow,Moscow,07-02-2022,Operations,Logistics Coordinator,Bachelor,Good,Yes,51792,57426,22-07-1986,
00-28947898,Anzhela,Strelkova,Female,Moscow,Moscow,30-08-2016,Customer Service,Support Specialist,High School,Satisfactory,No,52461,54967,31-05-1999,
00-40667239,Stojan,Gerasimov,Male,Moscow,Moscow,14-11-2016,IT,Software Developer,Master,Satisfactory,No,82518,89433,17-05-1979,15-09-2018
00-35314656,Lidija,Konovalova,Female,Moscow,Moscow,05-05-2022,Operations,Logistics Coordinator,Bachelor,Satisfactory,Yes,55166,57385,08-09-1998,
00-88265603,Agata,Kolesnikova,Female,Moscow,Moscow,17-02-2019,Sales,Sales Specialist,Bachelor,Satisfactory,Yes,71449,76677,02-02-1985,
00-51858060,Eleonora,Morozova,Female,Moscow,Moscow,30-06-2023,IT,System Administrator,Master,Satisfactory,No,84784,96454,21-05-1970,
00-24843289,Evpraksija,Tret'jakova,Female,Kazan,Kazan,29-11-2022,Operations,Inventory Specialist,Bachelor,Good,No,53340,55844,27-07-2004,
00-22955603,Marfa,Kudrjavtseva,Female,Moscow,Moscow,20-02-2017,Operations,Operations Analyst,Master,Satisfactory,No,58566,69447,25-02-1978,
00-74499217,Ol'ga,Mamontova,Female,Moscow,Moscow,09-09-2020,Customer Service,Customer Service Representative,High School,Good,No,52397,54885,15-04-2000,
00-28978235,Dobroslav,Evdokimov,Male,Moscow,Moscow,01-08-2021,Sales,Sales Consultant,PhD,Excellent,No,81698,86278,08-12-1992,
00-53428202,Denis,Ignatov,Male,Moscow,Moscow,11-12-2024,Customer Service,Help Desk Technician,Bachelor,Good,Yes,50122,59360,08-09-1995,
00-37185844,Leonid,Judin,Male,Moscow,Moscow,08-02-2023,Sales,Sales Consultant,Master,Good,No,82656,93022,18-08-1982,
00-68254356,Valentina,Nekrasova,Female,Moscow,Moscow,22-10-2017,IT,Software Developer,Bachelor,Good,No,80074,82307,15-02-1999,
00-35013701,Kira,Efremova,Female,Kazan,Kazan,23-06-2023,Marketing,Marketing Coordinator,Bachelor,Good,No,60470,62873,25-11-1999,
00-90739324,Venedikt,Shestakov,Male,Moscow,Moscow,08-09-2022,Operations,Logistics Coordinator,Bachelor,Needs Improvement,Yes,59462,69157,08-08-2005,
00-43067590,Varfolomej,Kopylov,Male,Moscow,Moscow,07-01-2017,Customer Service,Customer Service Manager,PhD,Good,No,81131,88489,28-04-1961,
00-48858996,Evgenija,Zinov'eva,Female,Moscow,Moscow,02-12-2023,IT,Software Developer,Bachelor,Good,Yes,91648,97755,03-08-1989,
00-71654076,Ljubov',Anisimova,Female,Moscow,Moscow,13-08-2017,Operations,Logistics Coordinator,Bachelor,Good,Yes,53296,55529,06-08-2007,
00-27002780,Ul'jana,Seliverstova,Female,Moscow,Moscow,21-08-2017,HR,HR Coordinator,Master,Good,No,58081,68932,08-12-1979,
00-80668428,Elisej,Medvedev,Male,Moscow,Moscow,27-12-2017,Customer Service,Support Specialist,High School,Good,No,54064,57346,03-02-2006,
00-40930175,Nina,Timofeeva,Female,Moscow,Moscow,10-02-2017,Operations,Logistics Coordinator,Bachelor,Good,No,57178,62102,19-05-1990,
00-93409229,Foka,Belozerov,Male,Moscow,Moscow,01-06-2018,Operations,Logistics Coordinator,Bachelor,Good,Yes,57510,66984,14-01-1996,
00-11485071,Dmitrij,Blohin,Male,Moscow,Moscow,05-07-2020,Customer Service,Support Specialist,High School,Good,No,51417,57755,29-09-1994,
00-91026002,Dementij,Panfilov,Male,Kazan,Kazan,21-05-2020,Sales,Sales Consultant,Bachelor,Good,No,64631,75770,16-02-1983,
00-94276207,Nikodim,Krasil'nikov,Male,Moscow,Moscow,17-02-2022,Customer Service,Support Specialist,Bachelor,Satisfactory,No,53529,62971,20-04-1980,
00-71677162,Gavrila,Popov,Male,Moscow,Moscow,25-04-2019,Customer Service,Support Specialist,Bachelor,Satisfactory,No,51184,59514,12-02-2005,10-04-2020
00-33375857,Ul'jan,Teterin,Male,Moscow,Moscow,19-02-2018,Customer Service,Support Specialist,High School,Good,No,50292,54247,08-04-2006,
00-92383901,Margarita,Ershova,Female,Moscow,Moscow,19-04-2020,Operations,Inventory Specialist,High School,Needs Improvement,No,56719,64115,27-06-1980,
00-26010939,Oleg,Grishin,Male,Moscow,Moscow,13-10-2018,Marketing,Content Creator,Bachelor,Satisfactory,Yes,53336,62394,17-01-1985,
00-28548828,Glafira,Osipova,Female,Moscow,Moscow,21-04-2023,Operations,Inventory Specialist,Bachelor,Excellent,Yes,55900,59665,26-06-1987,
00-67328257,Anzhela,Judina,Female,Moscow,Moscow,26-07-2022,Operations,Inventory Specialist,High School,Good,No,52783,55289,16-05-1983,19-08-2023
00-64322867,Kira,Nesterova,Female,Moscow,Moscow,09-02-2019,Customer Service,Help Desk Technician,High School,Satisfactory,No,74184,80540,24-10-1992,
00-87320977,Ladimir,Jakovlev,Male,Kazan,Kazan,06-02-2018,Operations,Operations Analyst,Master,Needs Improvement,No,50260,57916,03-11-1971,
00-59230588,Ladislav,Nekrasov,Male,Moscow,Moscow,29-07-2019,Operations,Inventory Specialist,Bachelor,Satisfactory,Yes,52920,64186,05-08-1991,
00-51379478,Valerija,Nosova,Female,Moscow,Moscow,14-10-2022,Sales,Sales Specialist,Master,Excellent,No,79323,89995,07-01-1993,
00-92287470,Nikita,Nikiforov,Male,Kazan,Kazan,21-02-2018,Customer Service,Support Specialist,High School,Satisfactory,No,52309,55480,13-10-1999,
00-80167287,Anzhela,Selezneva,Female,Moscow,Moscow,22-04-2015,Marketing,SEO Specialist,High School,Satisfactory,No,76251,78274,13-02-2004,
00-33402929,Raisa,Koroleva,Female,Moscow,Moscow,12-06-2020,Operations,Inventory Specialist,High School,Good,Yes,55009,60099,28-11-1985,
00-47699165,Agaf'ja,Suhanova,Female,Moscow,Moscow,05-02-2019,IT,Software Developer,Master,Good,No,91903,102832,11-06-1981,
00-56163017,Izmail,Judin,Male,Moscow,Moscow,30-10-2020,Sales,Sales Specialist,Bachelor,Good,No,69867,82834,07-09-2001,
00-27531918,Polina,Kuz'mina,Female,Moscow,Moscow,12-05-2019,Sales,Sales Specialist,Master,Good,No,72490,82278,18-09-1983,
00-82820446,Antip,Judin,Male,Moscow,Moscow,24-06-2023,HR,Recruiter,High School,Satisfactory,No,68494,76827,04-01-1989,
00-59188215,Svetlana,Kosheleva,Female,Moscow,Moscow,03-04-2023,Operations,Logistics Coordinator,Bachelor,Satisfactory,No,55245,56814,18-11-2000,
00-29346960,Varvara,Teterina,Female,Moscow,Moscow,27-12-2024,Operations,Operations Analyst,Master,Satisfactory,No,56311,64716,12-01-1991,
00-93177239,Marija,Mamontova,Female,Moscow,Moscow,05-10-2022,Sales,Sales Consultant,Bachelor,Satisfactory,No,61706,65198,02-12-1997,
00-22109826,Vissarion,Zajtsev,Male,Moscow,Moscow,14-07-2020,Operations,Logistics Coordinator,Bachelor,Excellent,No,52765,63522,27-01-1988,
00-67964907,Gremislav,Nikolaev,Male,Kazan,Kazan,01-07-2017,IT,IT Support Specialist,High School,Needs Improvement,Yes,55736,61156,28-07-1994,14-04-2018
00-50620412,Alla,Beljaeva,Female,Moscow,Moscow,17-06-2022,Marketing,Content Creator,Bachelor,Good,Yes,56807,60596,28-10-1984,
00-47145024,Oksana,Potapova,Female,Moscow,Moscow,08-03-2020,Sales,Sales Representative,Bachelor,Good,No,55041,56792,08-10-1998,
00-10986962,Valerija,Gerasimova,Female,Kazan,Kazan,07-09-2016,Operations,Operations Analyst,Bachelor,Good,Yes,78508,85448,19-02-1988,
00-40134115,Veronika,Shestakova,Female,Moscow,Moscow,02-05-2023,Customer Service,Support Specialist,Bachelor,Excellent,Yes,57239,60024,25-08-2005,
00-67271681,Azarij,Judin,Male,Kazan,Kazan,26-01-2022,Operations,Logistics Coordinator,Bachelor,Good,Yes,53078,60743,09-03-2006,
00-76838652,Tvorimir,Zaharov,Male,Kazan,Kazan,10-05-2017,IT,IT Support Specialist,Bachelor,Satisfactory,No,57450,67910,17-01-2001,05-03-2018
00-23869516,Margarita,Isakova,Female,Moscow,Moscow,22-10-2017,Finance,Accountant,Bachelor,Excellent,No,53714,56133,16-01-1989,
00-60681622,Galina,Komissarova,Female,Moscow,Moscow,28-12-2019,Operations,Operations Analyst,Bachelor,Good,Yes,69502,76804,29-10-1988,
00-69637695,Alevtina,Poljakova,Female,Moscow,Moscow,25-03-2018,Customer Service,Support Specialist,High School,Satisfactory,No,53237,54813,11-04-2004,
00-39520104,Viktorija,Judina,Female,Kazan,Kazan,15-12-2020,IT,Software Developer,Master,Good,Yes,90821,105357,01-02-1986,09-06-2022
00-89089630,Bronislav,Shestakov,Male,Moscow,Moscow,14-08-2020,Customer Service,Help Desk Technician,High School,Good,No,52141,57492,08-12-1989,
00-98269201,Alla,Nekrasova,Female,Moscow,Moscow,24-08-2018,IT,Software Developer,Master,Good,Yes,79968,93508,25-12-1981,
00-21437446,Regina,Shubina,Female,Moscow,Moscow,21-07-2017,Customer Service,Customer Service Representative,Bachelor,Excellent,No,54413,59697,04-12-1981,
00-26118091,Agap,Bol'shakov,Male,Moscow,Moscow,29-11-2019,Operations,Inventory Specialist,High School,Good,Yes,57528,61482,25-11-2000,
00-82751377,Praskov'ja,Grishina,Female,Moscow,Moscow,29-06-2015,Marketing,Marketing Coordinator,Bachelor,Good,Yes,57827,61209,04-08-1993,
00-78740258,Terentij,Shubin,Male,Moscow,Moscow,24-10-2017,Operations,Logistics Coordinator,Bachelor,Excellent,No,56237,68312,18-10-1984,
00-76568354,Vladislav,Tarasov,Male,Moscow,Moscow,27-11-2023,Operations,Logistics Coordinator,Bachelor,Good,No,54007,62449,22-04-1994,
00-86591953,Kapiton,Konovalov,Male,Moscow,Moscow,19-06-2021,Customer Service,Support Specialist,High School,Needs Improvement,No,54395,59367,14-01-1988,
00-40257670,Leon,Sergeev,Male,Moscow,Moscow,10-02-2023,Sales,Sales Representative,Bachelor,Good,Yes,58493,69072,09-05-2003,
00-40462913,Kira,Sharapova,Female,Moscow,Moscow,12-08-2022,Finance,Accountant,Bachelor,Good,No,77191,80737,15-05-1983,
00-72450766,Ksenija,Dement'eva,Female,Moscow,Moscow,10-06-2018,Operations,Inventory Specialist,Bachelor,Good,No,50983,54674,07-10-1989,
00-91577375,Amvrosij,Egorov,Male,Moscow,Moscow,09-02-2022,Sales,Sales Specialist,Bachelor,Good,No,61032,73341,06-12-1986,
00-64571232,Galina,Nazarova,Female,Moscow,Moscow,25-01-2022,Sales,Sales Consultant,Master,Excellent,No,78320,89200,23-10-1994,
00-45485231,Pahom,Suvorov,Male,Moscow,Moscow,22-10-2020,IT,System Administrator,Bachelor,Good,No,73026,88368,04-06-1989,
00-88144833,Denis,Morozov,Male,Moscow,Moscow,09-08-2024,Finance,Accounts Payable Specialist,Bachelor,Good,No,53532,65243,23-03-1983,
00-26277399,Avgust,Lihachev,Male,Kazan,Kazan,17-03-2024,Sales,Sales Specialist,Bachelor,Good,Yes,65741,75648,04-03-1996,
00-64367021,Ermolaj,Osipov,Male,Moscow,Moscow,18-08-2018,Operations,Logistics Coordinator,Bachelor,Good,No,56246,66487,09-06-1985,
00-93989706,Ija,Nazarova,Female,Moscow,Moscow,18-05-2015,Sales,Sales Specialist,Bachelor,Needs Improvement,No,76021,78345,04-01-2004,
00-37758341,Ivanna,D'jachkova,Female,Moscow,Moscow,11-08-2016,IT,Software Developer,Bachelor,Satisfactory,No,89680,92501,25-04-2004,07-02-2017
00-44782453,Anisim,Borisov,Male,Moscow,Moscow,09-01-2016,Sales,Sales Consultant,PhD,Satisfactory,No,73340,79081,30-05-1985,
00-79160259,Alina,Nekrasova,Female,Moscow,Moscow,21-04-2023,Finance,Financial Analyst,Master,Good,No,68028,77947,01-02-1983,
00-40615735,Florentin,Bobylev,Male,Kazan,Kazan,26-06-2023,Sales,Sales Representative,Bachelor,Needs Improvement,Yes,52960,60774,01-05-2005,
00-99128245,Gedeon,Fokin,Male,Moscow,Moscow,22-07-2023,Sales,Sales Consultant,Master,Needs Improvement,Yes,71552,73820,23-11-1998,
00-15274623,Vasilisa,Fadeeva,Female,Moscow,Moscow,25-01-2024,Sales,Sales Consultant,PhD,Good,No,74643,95292,10-04-1980,
00-92556649,Lora,Fomina,Female,Kazan,Kazan,04-04-2023,Sales,Sales Representative,Bachelor,Satisfactory,No,64816,68179,05-10-1981,
00-84060717,Tat'jana,Jakusheva,Female,Moscow,Moscow,22-08-2023,IT,Software Developer,Master,Good,No,86382,98828,01-07-1973,
00-97093899,Klavdij,Shashkov,Male,Moscow,Moscow,23-05-2022,HR,HR Coordinator,Bachelor,Satisfactory,No,51285,62131,17-03-1990,
00-13060197,Valerija,Samsonova,Female,Kazan,Kazan,15-04-2017,Operations,Operations Analyst,Bachelor,Satisfactory,Yes,68226,71267,20-02-2002,
00-10589096,Natal'ja,Agafonova,Female,Moscow,Moscow,17-04-2023,Sales,Sales Representative,Bachelor,Good,No,60144,62311,12-01-1998,
00-58431484,Hariton,Evdokimov,Male,Moscow,Moscow,27-03-2020,Operations,Inventory Specialist,High School,Satisfactory,Yes,52060,55419,01-06-2001,
00-78498669,Margarita,Kornilova,Female,Moscow,Moscow,11-09-2015,Marketing,Marketing Coordinator,Bachelor,Excellent,No,64946,69963,08-06-1981,
00-78198400,Ol'ga,Stepanova,Female,Moscow,Moscow,23-05-2023,Sales,Sales Representative,Bachelor,Good,Yes,64073,71471,29-04-1981,
00-16041139,Denis,Bogdanov,Male,Moscow,Moscow,31-08-2022,Customer Service,Support Specialist,Bachelor,Satisfactory,Yes,52499,60811,30-08-2007,07-01-2024
00-14036953,Vlas,Guljaev,Male,Moscow,Moscow,05-12-2024,Customer Service,Help Desk Technician,High School,Good,No,78306,85375,15-07-2005,
00-97424900,Emilija,Kudrjavtseva,Female,Kazan,Kazan,26-01-2019,Marketing,Marketing Coordinator,Bachelor,Good,No,62617,65140,12-07-1996,
00-76148610,Stanimir,Kuznetsov,Male,Moscow,Moscow,30-08-2015,Operations,Inventory Specialist,Bachelor,Excellent,No,59005,72775,07-03-1989,
00-71638103,Jakub,Konstantinov,Male,Moscow,Moscow,03-01-2024,Sales,Sales Representative,Bachelor,Good,No,68222,79669,09-05-1982,
00-68225098,Nadezhda,Doronina,Female,Moscow,Moscow,08-05-2020,Operations,Operations Analyst,Bachelor,Satisfactory,Yes,51523,54166,17-06-1993,
00-43771003,Artem,Shestakov,Male,Moscow,Moscow,20-02-2018,Marketing,Content Creator,High School,Good,No,58244,64772,23-07-1995,
00-14128212,Leonid,Fedoseev,Male,Moscow,Moscow,15-04-2020,Customer Service,Support Specialist,High School,Good,No,54292,58286,22-09-2003,
00-83104966,Budimir,Mironov,Male,Kazan,Kazan,02-12-2021,Sales,Sales Representative,Bachelor,Needs Improvement,No,63952,74804,23-05-2005,
00-62669416,Varfolomej,Orehov,Male,Moscow,Moscow,20-04-2020,Customer Service,Customer Service Representative,High School,Good,Yes,59938,66921,06-02-1988,31-10-2020
00-64872891,Zoja,Medvedeva,Female,Moscow,Moscow,03-03-2024,Customer Service,Support Specialist,High School,Satisfactory,Yes,54978,58298,24-11-1991,
00-27530949,Aleksandra,Bykova,Female,Moscow,Moscow,20-05-2023,Operations,Logistics Coordinator,Bachelor,Satisfactory,Yes,56295,61984,07-10-1987,
00-58904805,Rjurik,Nikitin,Male,Kazan,Kazan,27-05-2020,IT,Software Developer,Bachelor,Good,Yes,76356,88896,26-12-2001,
00-93850657,Savelij,Krasil'nikov,Male,Moscow,Moscow,14-08-2023,Customer Service,Customer Service Representative,High School,Good,No,58362,66187,26-11-1984,06-01-2025
00-78691924,Avtonom,Schukin,Male,Moscow,Moscow,12-05-2020,Customer Service,Help Desk Technician,Bachelor,Excellent,Yes,54277,62912,12-03-1997,
00-85135752,Ladimir,Haritonov,Male,Kazan,Kazan,26-02-2021,Customer Service,Help Desk Technician,High School,Satisfactory,Yes,57309,61704,07-08-1982,
00-59712902,Harlampij,Nikolaev,Male,Kazan,Kazan,29-04-2020,Operations,Logistics Coordinator,Bachelor,Satisfactory,No,57576,65482,27-04-2006,
00-17834512,Andronik,Lazarev,Male,Moscow,Moscow,29-11-2017,Operations,Logistics Coordinator,Bachelor,Needs Improvement,No,55513,63983,02-09-1996,
00-50213763,Ljubov',Kornilova,Female,Moscow,Moscow,28-04-2017,Customer Service,Customer Service Representative,Bachelor,Good,No,52419,55670,17-08-1987,
00-91539562,Selivan,Sysoev,Male,Moscow,Moscow,07-03-2017,IT,IT Support Specialist,High School,Satisfactory,Yes,56034,64079,27-11-1979,
00-11884464,Irina,Kolobova,Female,Moscow,Moscow,22-03-2018,Customer Service,Support Specialist,High School,Satisfactory,No,54983,58057,04-11-2002,
00-80561597,Zoja,Haritonova,Female,Moscow,Moscow,19-04-2020,IT,Software Developer,Master,Good,No,90152,101668,06-02-2000,
00-27866101,Evdokija,Dorofeeva,Female,Moscow,Moscow,06-07-2017,Customer Service,Support Specialist,High School,Good,Yes,51975,55058,09-03-1991,
00-61085590,Polikarp,Maksimov,Male,Moscow,Moscow,05-05-2015,Operations,Inventory Specialist,High School,Good,Yes,55323,59198,02-10-2007,
00-65397938,Galina,Knjazeva,Female,Moscow,Moscow,15-09-2018,Sales,Sales Specialist,PhD,Good,No,58045,72409,26-05-1988,
00-99895909,Svetlana,Vasil'eva,Female,Moscow,Moscow,09-11-2020,Sales,Sales Representative,Bachelor,Good,No,50201,51753,30-03-2007,
00-97557900,Oktjabrina,Komissarova,Female,Moscow,Moscow,04-05-2017,Sales,Sales Representative,Bachelor,Satisfactory,No,53214,57125,21-09-1981,
00-22884827,Evgenij,Gur'ev,Male,Moscow,Moscow,06-12-2023,Customer Service,Help Desk Technician,Bachelor,Good,No,77033,90896,20-12-1993,
00-39526102,Nikolaj,Zimin,Male,Kazan,Kazan,22-07-2017,IT,IT Support Specialist,High School,Satisfactory,No,52506,59522,12-01-1991,
00-90446207,Evpraksija,Ignat'eva,Female,Moscow,Moscow,01-04-2020,Customer Service,Support Specialist,High School,Needs Improvement,No,55788,59211,04-11-1989,
00-97278535,Naina,Denisova,Female,Moscow,Moscow,25-07-2021,Customer Service,Customer Service Representative,Bachelor,Good,No,52410,57356,18-03-1981,
00-19820594,Iraklij,Nazarov,Male,Moscow,Moscow,20-07-2020,Sales,Sales Consultant,Bachelor,Good,No,69874,84156,21-11-1996,
00-66786528,Parfen,Turov,Male,Moscow,Moscow,21-03-2018,Customer Service,Customer Service Representative,High School,Good,No,59772,67510,07-12-1987,
00-85976121,Sokrat,Filippov,Male,Kazan,Kazan,26-06-2017,Marketing,Marketing Coordinator,Bachelor,Good,No,58550,70838,30-05-1989,
00-53261894,Tit,Zhuravlev,Male,Moscow,Moscow,14-09-2019,IT,Software Developer,Bachelor,Good,Yes,88695,103422,09-07-2004,
00-76940233,Valentina,Orehova,Female,Moscow,Moscow,05-07-2023,Customer Service,Help Desk Technician,High School,Good,No,56749,59048,18-04-1994,
00-15055012,Serafim,Fedorov,Male,Moscow,Moscow,28-02-2020,Operations,Logistics Coordinator,Bachelor,Excellent,No,58680,68204,05-02-2003,
00-67674925,Elisej,Novikov,Male,Moscow,Moscow,12-07-2020,Operations,Logistics Coordinator,Bachelor,Good,No,57408,67024,01-09-2001,
00-49714164,Kapiton,Mironov,Male,Moscow,Moscow,23-07-2021,Customer Service,Support Specialist,Bachelor,Satisfactory,No,54660,66825,23-04-1984,
00-11399486,Anna,Popova,Female,Moscow,Moscow,17-03-2018,IT,Software Developer,Bachelor,Satisfactory,Yes,75485,81825,16-09-1997,
00-23260566,Zhanna,Rusakova,Female,Moscow,Moscow,18-10-2022,Operations,Inventory Specialist,High School,Needs Improvement,No,57639,61233,24-05-1998,
00-58154774,Pelageja,Komarova,Female,Moscow,Moscow,28-04-2018,Operations,Operations Analyst,Master,Good,No,57182,65663,17-10-1985,15-03-2021
00-44915623,Sil'vestr,Denisov,Male,Moscow,Moscow,08-04-2022,Sales,Sales Specialist,Master,Good,Yes,77499,85570,08-07-1990,
00-16927121,Prohor,Kalashnikov,Male,Moscow,Moscow,24-02-2017,IT,System Administrator,Bachelor,Satisfactory,Yes,87330,103114,02-12-1995,
00-98824098,Vladimir,Poljakov,Male,Kazan,Kazan,27-05-2017,Operations,Operations Analyst,Master,Good,No,52334,57943,06-04-1981,
00-55751584,Artem,Eliseev,Male,Kazan,Kazan,10-11-2020,Sales,Sales Consultant,PhD,Excellent,No,75368,86308,28-09-1965,
00-66289733,Radovan,Fomin,Male,Moscow,Moscow,14-05-2016,Sales,Sales Representative,Bachelor,Satisfactory,No,63800,75912,08-02-1982,
00-96774192,Glafira,Danilova,Female,Moscow,Moscow,24-09-2017,Sales,Sales Consultant,Master,Satisfactory,Yes,73044,87971,30-03-1973,
00-56501422,Tvorimir,Belozerov,Male,Moscow,Moscow,05-11-2016,Finance,Financial Analyst,Bachelor,Satisfactory,Yes,85801,100963,02-05-1988,
00-20637295,Iosif,Kazakov,Male,Kazan,Kazan,30-10-2020,Customer Service,Support Specialist,Bachelor,Satisfactory,No,57258,68342,16-10-1991,
00-76362172,Nadezhda,Tret'jakova,Female,Moscow,Moscow,09-10-2016,Sales,Sales Specialist,PhD,Satisfactory,No,54817,68490,02-11-1979,
00-20675258,Tamara,Sazonova,Female,Moscow,Moscow,27-12-2015,Operations,Operations Analyst,Master,Satisfactory,No,78403,89144,26-11-1975,
00-72893898,Valerija,Lihacheva,Female,Moscow,Moscow,19-02-2023,Operations,Inventory Specialist,Bachelor,Satisfactory,No,52118,53964,01-11-1992,
00-15036125,Elena,Jakusheva,Female,Moscow,Moscow,25-02-2016,IT,Software Developer,Master,Satisfactory,No,72891,82011,12-03-1993,12-07-2021
00-69919690,Marfa,Loginova,Female,Moscow,Moscow,12-08-2022,Operations,Inventory Specialist,Bachelor,Excellent,Yes,50368,52413,22-04-1992,22-10-2024
00-10382579,Foma,Kononov,Male,Moscow,Moscow,10-12-2024,Marketing,SEO Specialist,Bachelor,Satisfactory,No,78232,96477,30-06-1988,
00-52694683,Evgenija,Gerasimova,Female,Moscow,Moscow,16-05-2021,Customer Service,Customer Service Representative,High School,Excellent,Yes,57084,61802,02-08-1984,10-10-2022
00-35962602,Feliks,Kulakov,Male,Moscow,Moscow,21-10-2018,Sales,Sales Representative,Bachelor,Good,No,53340,62385,14-08-1980,
00-18672857,Zhanna,Kononova,Female,Moscow,Moscow,16-07-2023,Sales,Sales Representative,Bachelor,Satisfactory,Yes,59095,63699,08-01-1988,
00-26823239,Gavrila,Pahomov,Male,Kazan,Kazan,28-06-2019,Sales,Sales Consultant,PhD,Good,No,75306,79670,01-02-1973,14-07-2021
00-31328569,Rjurik,Komarov,Male,Moscow,Moscow,22-01-2019,Marketing,Marketing Coordinator,Bachelor,Satisfactory,No,58726,68281,19-07-2000,
00-56110838,Varvara,Grigor'eva,Female,Moscow,Moscow,06-12-2019,Operations,Inventory Specialist,High School,Satisfactory,No,58398,60833,28-07-1992,
00-60584609,Svetlana,Bobrova,Female,Kazan,Kazan,18-01-2022,Operations,Logistics Coordinator,Bachelor,Good,Yes,51310,54018,27-04-2002,
00-33155487,Evstafij,Grigor'ev,Male,Kazan,Kazan,16-03-2019,Operations,Inventory Specialist,High School,Good,Yes,51443,56363,01-03-1995,
00-86392196,Anikej,Kondrat'ev,Male,Kazan,Kazan,12-11-2017,Sales,Sales Representative,Bachelor,Satisfactory,Yes,63704,74852,20-05-1983,
00-91381218,Gostomysl,Pestov,Male,Moscow,Moscow,14-05-2022,Operations,Inventory Specialist,Bachelor,Satisfactory,Yes,50935,61952,19-06-1986,
00-41296057,Anastasija,Shubina,Female,Moscow,Moscow,11-07-2016,Sales,Sales Representative,Bachelor,Satisfactory,No,59974,62563,09-04-2007,
00-61273522,Jaroslav,Muhin,Male,Moscow,Moscow,10-06-2022,Customer Service,Support Specialist,High School,Satisfactory,No,51584,57198,02-04-1995,
00-22441378,Taisija,Kulakova,Female,Moscow,Moscow,05-04-2018,Operations,Inventory Specialist,Bachelor,Satisfactory,No,50537,52561,06-04-1991,
00-94609508,Karp,Hohlov,Male,Moscow,Moscow,19-08-2019,Customer Service,Support Specialist,High School,Good,Yes,52262,59262,09-08-1986,
00-25056140,Cheslav,Belov,Male,Moscow,Moscow,07-01-2017,Marketing,Content Creator,High School,Needs Improvement,No,56855,63202,15-07-1986,
00-58953546,Emilija,Gavrilova,Female,Moscow,Moscow,17-09-2017,Operations,Operations Analyst,Bachelor,Good,Yes,64419,68282,14-09-1982,
00-16424004,Ostromir,Bol'shakov,Male,Moscow,Moscow,07-06-2017,IT,System Administrator,Bachelor,Satisfactory,Yes,64253,73662,31-12-1998,
00-49280551,Pimen,Birjukov,Male,Kazan,Kazan,21-10-2016,Operations,Operations Analyst,Master,Satisfactory,Yes,54806,57409,29-07-1992,08-06-2022
00-36853562,Foma,Kudrjashov,Male,Kazan,Kazan,12-07-2020,Operations,Logistics Coordinator,Bachelor,Needs Improvement,Yes,53197,63644,10-08-1982,
00-44151571,Oksana,Afanas'eva,Female,Moscow,Moscow,04-12-2020,Marketing,Content Creator,High School,Good,Yes,55585,57943,29-10-2002,
00-99969981,Kondrat,Safonov,Male,Moscow,Moscow,22-07-2018,Marketing,Content Creator,Bachelor,Needs Improvement,Yes,56161,64086,04-10-2004,
00-29594164,Terentij,Koshelev,Male,Moscow,Moscow,04-04-2021,Customer Service,Help Desk Technician,Bachelor,Good,No,67688,79083,15-09-1987,
00-57273942,Valentina,Lavrent'eva,Female,Moscow,Moscow,09-08-2017,Customer Service,Support Specialist,High School,Needs Improvement,No,50927,56018,23-12-1980,
00-42617946,Sinklitikija,Koroleva,Female,Moscow,Moscow,08-01-2018,Customer Service,Help Desk Technician,Bachelor,Good,No,66154,71455,03-03-1994,11-08-2018
00-65928952,Vatslav,Belov,Male,Kazan,Kazan,22-08-2022,Operations,Operations Analyst,Master,Good,Yes,76432,82481,11-09-1978,
00-23632748,Sofija,Vorontsova,Female,Moscow,Moscow,24-08-2015,Sales,Sales Consultant,Bachelor,Needs Improvement,Yes,79731,88663,30-01-1987,
00-25396440,Nikodim,Burov,Male,Moscow,Moscow,15-05-2017,IT,Software Developer,Master,Good,Yes,93604,97943,24-07-1997,
00-78989329,Valentin,Nosov,Male,Kazan,Kazan,05-12-2019,Customer Service,Support Specialist,Bachelor,Satisfactory,Yes,58777,71431,13-11-1994,
00-85632215,Zhanna,Kulagina,Female,Moscow,Moscow,05-04-2018,IT,Software Developer,Bachelor,Satisfactory,No,83614,86980,21-08-2004,
00-75931453,Oleg,Tarasov,Male,Moscow,Moscow,11-02-2020,Sales,Sales Representative,Bachelor,Good,Yes,54791,65076,02-11-1998,
00-44142830,Praskov'ja,Konovalova,Female,Kazan,Kazan,28-03-2023,Sales,Sales Specialist,PhD,Good,No,68212,88364,31-07-1985,
00-79342385,Eleonora,Maslova,Female,Moscow,Moscow,06-01-2024,Operations,Inventory Specialist,Bachelor,Good,Yes,56740,62649,07-01-1984,
00-45579596,Anzhelika,Rozhkova,Female,Moscow,Moscow,14-12-2017,IT,Software Developer,Master,Good,Yes,78184,92606,30-12-1972,
00-19792772,Petr,Sobolev,Male,Moscow,Moscow,26-02-2024,Sales,Sales Consultant,Bachelor,Satisfactory,No,87107,103768,06-12-1981,
00-38763246,Ostromir,Sorokin,Male,Moscow,Moscow,03-08-2024,HR,Recruiter,High School,Good,No,51175,55013,19-07-1992,
00-35083224,Veronika,Kudrjashova,Female,Kazan,Kazan,13-11-2023,Sales,Sales Specialist,Master,Excellent,Yes,76130,89202,18-09-1976,
00-53102676,Evstignej,Smirnov,Male,Moscow,Moscow,21-03-2018,Customer Service,Support Specialist,Bachelor,Good,No,52054,59816,14-09-1996,
00-66702030,Ipatij,Baranov,Male,Moscow,Moscow,10-08-2015,Operations,Operations Analyst,Bachelor,Satisfactory,No,67803,82646,11-12-1984,05-06-2017
00-27375885,Leon,Afanas'ev,Male,Moscow,Moscow,12-03-2020,Sales,Sales Manager,PhD,Good,No,79021,87246,21-01-1969,
00-14519099,Gavrila,Kondrat'ev,Male,Moscow,Moscow,25-06-2020,Sales,Sales Consultant,PhD,Good,Yes,74181,81066,17-05-1987,
00-37054400,Natan,Trofimov,Male,Moscow,Moscow,14-11-2019,Sales,Sales Consultant,PhD,Good,No,86095,93261,30-10-1965,
00-46418179,Sinklitikija,Aksenova,Female,Kazan,Kazan,01-08-2023,IT,System Administrator,Master,Good,No,77299,92785,26-09-1979,
00-28381996,Gordej,Krylov,Male,Kazan,Kazan,14-02-2017,Operations,Inventory Specialist,Bachelor,Satisfactory,No,57038,67083,21-05-2004,
00-74434953,Igor',Gordeev,Male,Moscow,Moscow,01-05-2023,Sales,Sales Representative,Bachelor,Good,No,56614,65953,07-04-1983,
00-71801296,Leon,Maksimov,Male,Moscow,Moscow,05-06-2017,Operations,Logistics Coordinator,Bachelor,Satisfactory,No,56304,66817,25-10-2001,
00-88349396,Ernest,Kiselev,Male,Moscow,Moscow,13-06-2022,Sales,Sales Consultant,PhD,Good,Yes,70636,78014,29-10-1981,
00-33964768,Kallistrat,Ovchinnikov,Male,Moscow,Moscow,16-01-2022,Operations,Operations Analyst,Bachelor,Good,No,72819,87473,03-05-1985,
00-52644581,Vitalij,Mironov,Male,Moscow,Moscow,26-08-2018,Operations,Inventory Specialist,High School,Needs Improvement,No,54546,59413,17-01-2000,27-11-2022
00-24298519,Sidor,Korolev,Male,Moscow,Moscow,26-05-2016,IT,IT Support Specialist,High School,Satisfactory,Yes,52016,55945,10-05-1998,
00-24640648,Ljubim,Ovchinnikov,Male,Moscow,Moscow,17-12-2020,Customer Service,Support Specialist,High School,Needs Improvement,Yes,51441,56897,29-06-2000,24-11-2023
00-49443745,Kondrat,Blohin,Male,Kazan,Kazan,08-07-2021,Operations,Logistics Coordinator,Bachelor,Good,Yes,52755,62220,21-11-1993,
